"","workerid","noun","nounclass","predicateposition","predicate","correctresponse","correctclass"
"1","1","televisi&oacute;n ","furniture","predicate1","podrido",0.55,"age"
"2","1","silla","furniture","predicate1","verde",0.77,"color"
"3","1","ventilador","furniture","predicate1","marr&oacute;n",0.2,"color"
"4","1","silla","furniture","predicate1","pl&aacute;stico",0.55,"material"
"5","1","silla","furniture","predicate1","malo",0.76,"quality"
"6","1","zanahoria","food","predicate1","enorme",0.08,"size"
"7","1","televisi&oacute;n ","furniture","predicate1","podrido",0.34,"age"
"8","1","pl&aacute;tano","food","predicate1","bueno",0.67,"quality"
"9","1","queso","food","predicate1","largo",0.74,"size"
"10","1","escritorio","furniture","predicate1","de madera",0.28,"material"
"11","1","escritorio","furniture","predicate1","marr&oacute;n",0.81,"color"
"12","1","escritorio","furniture","predicate1","podrido",0.2,"age"
"13","1","silla","furniture","predicate1","grande",0.22,"size"
"14","1","manzana","food","predicate1","viejo",0.43,"age"
"15","1","manzana","food","predicate1","amarillo",0.36,"color"
"16","1","zanahoria","food","predicate1","amarillo",0.71,"color"
"17","1","escritorio","furniture","predicate1","min&uacute;sculo",0.69,"size"
"18","1","sof&aacute; ","furniture","predicate1","podrido",0.66,"age"
"19","1","ventilador","furniture","predicate1","nuevo",0.17,"age"
"20","1","manzana","food","predicate1","azul",0.89,"color"
"21","1","escritorio","furniture","predicate1","liso",0.82,"texture"
"22","1","queso","food","predicate1","fresco",0.12,"age"
"23","1","tomate","food","predicate1","cuadrado",0.24,"shape"
"24","1","queso","food","predicate1","suave",0.75,"texture"
"25","1","silla","furniture","predicate1","largo",0.78,"size"
"26","1","televisi&oacute;n ","furniture","predicate1","peque&ntilde;o",0.95,"size"
"27","10","tomate","food","predicate1","azul",0,"color"
"28","10","zanahoria","food","predicate1","nuevo",1,"age"
"29","10","televisi&oacute;n ","furniture","predicate1","nuevo",1,"age"
"30","10","queso","food","predicate1","podrido",1,"age"
"31","10","manzana","food","predicate1","bueno",0,"quality"
"32","10","televisi&oacute;n ","furniture","predicate1","viejo",1,"age"
"33","10","sof&aacute; ","furniture","predicate1","pl&aacute;stico",1,"material"
"34","10","zanahoria","food","predicate1","rojo",1,"color"
"35","10","silla","furniture","predicate1","corto",1,"size"
"36","10","queso","food","predicate1","rojo",0,"color"
"37","10","sof&aacute; ","furniture","predicate1","nuevo",1,"age"
"38","10","ventilador","furniture","predicate1","corto",1,"size"
"39","10","zanahoria","food","predicate1","malo",0,"quality"
"40","10","escritorio","furniture","predicate1","metal",1,"material"
"41","10","pl&aacute;tano","food","predicate1","verde",1,"color"
"42","10","televisi&oacute;n ","furniture","predicate1","de madera",0,"material"
"43","10","tomate","food","predicate1","viejo",1,"age"
"44","10","zanahoria","food","predicate1","grande",0,"size"
"45","10","manzana","food","predicate1","verde",1,"color"
"46","10","tomate","food","predicate1","suave",0,"texture"
"47","10","pl&aacute;tano","food","predicate1","cuadrado",1,"shape"
"48","10","queso","food","predicate1","largo",0,"size"
"49","10","pl&aacute;tano","food","predicate1","fresco",1,"age"
"50","10","sof&aacute; ","furniture","predicate1","rojo",0,"color"
"51","10","zanahoria","food","predicate1","corto",1,"size"
"52","10","queso","food","predicate1","grande",1,"size"
"53","11","televisi&oacute;n ","furniture","predicate1","podrido",0.5,"age"
"54","11","manzana","food","predicate1","nuevo",0.62,"age"
"55","11","manzana","food","predicate1","cuadrado",0.32,"shape"
"56","11","manzana","food","predicate1","de madera",0.21,"material"
"57","11","ventilador","furniture","predicate1","marr&oacute;n",0.34,"color"
"58","11","queso","food","predicate1","bueno",0.6,"quality"
"59","11","tomate","food","predicate1","de madera",0.27,"material"
"60","11","manzana","food","predicate1","corto",0.72,"size"
"61","11","sof&aacute; ","furniture","predicate1","nuevo",0.19,"age"
"62","11","sof&aacute; ","furniture","predicate1","nuevo",0.9,"age"
"63","11","escritorio","furniture","predicate1","verde",0.69,"color"
"64","11","queso","food","predicate1","bueno",0.71,"quality"
"65","11","sof&aacute; ","furniture","predicate1","nuevo",0.18,"age"
"66","11","ventilador","furniture","predicate1","de madera",0.15,"material"
"67","11","sof&aacute; ","furniture","predicate1","pl&aacute;stico",0.25,"material"
"68","11","ventilador","furniture","predicate1","grande",0.9,"size"
"69","11","pl&aacute;tano","food","predicate1","de madera",0.5,"material"
"70","11","escritorio","furniture","predicate1","min&uacute;sculo",0.19,"size"
"71","11","queso","food","predicate1","duro",0.72,"texture"
"72","11","televisi&oacute;n ","furniture","predicate1","bueno",0.81,"quality"
"73","11","escritorio","furniture","predicate1","suave",0.16,"texture"
"74","11","televisi&oacute;n ","furniture","predicate1","largo",0.18,"size"
"75","11","televisi&oacute;n ","furniture","predicate1","redondo",0.26,"shape"
"76","11","manzana","food","predicate1","metal",0.18,"material"
"77","11","tomate","food","predicate1","azul",0.79,"color"
"78","11","ventilador","furniture","predicate1","enorme",0.87,"size"
"79","18","televisi&oacute;n ","furniture","predicate1","duro",0.04,"texture"
"80","18","queso","food","predicate1","metal",0.02,"material"
"81","18","queso","food","predicate1","morado",0.95,"color"
"82","18","sof&aacute; ","furniture","predicate1","bueno",0.99,"quality"
"83","18","silla","furniture","predicate1","viejo",0.03,"age"
"84","18","queso","food","predicate1","rojo",0.97,"color"
"85","18","zanahoria","food","predicate1","corto",0.01,"size"
"86","18","televisi&oacute;n ","furniture","predicate1","enorme",0.01,"size"
"87","18","pl&aacute;tano","food","predicate1","verde",0.01,"color"
"88","18","ventilador","furniture","predicate1","rojo",0.01,"color"
"89","18","zanahoria","food","predicate1","duro",0.99,"texture"
"90","18","silla","furniture","predicate1","verde",0.97,"color"
"91","18","silla","furniture","predicate1","de madera",0.99,"material"
"92","18","manzana","food","predicate1","duro",0.99,"texture"
"93","18","manzana","food","predicate1","grande",0.98,"size"
"94","18","manzana","food","predicate1","amarillo",0,"color"
"95","18","queso","food","predicate1","redondo",0.07,"shape"
"96","18","queso","food","predicate1","duro",0.02,"texture"
"97","18","manzana","food","predicate1","azul",0.97,"color"
"98","18","ventilador","furniture","predicate1","largo",0.98,"size"
"99","18","pl&aacute;tano","food","predicate1","peque&ntilde;o",0.99,"size"
"100","18","pl&aacute;tano","food","predicate1","nuevo",0,"age"
"101","18","tomate","food","predicate1","azul",0,"color"
"102","18","televisi&oacute;n ","furniture","predicate1","redondo",0,"shape"
"103","18","sof&aacute; ","furniture","predicate1","verde",0.99,"color"
"104","18","tomate","food","predicate1","verde",0.95,"color"
"105","21","ventilador","furniture","predicate1","cuadrado",0.03,"shape"
"106","21","sof&aacute; ","furniture","predicate1","enorme",0.95,"size"
"107","21","ventilador","furniture","predicate1","cuadrado",0.92,"shape"
"108","21","zanahoria","food","predicate1","duro",0.06,"texture"
"109","21","manzana","food","predicate1","metal",0.92,"material"
"110","21","pl&aacute;tano","food","predicate1","fresco",0.05,"age"
"111","21","zanahoria","food","predicate1","malo",0.08,"quality"
"112","21","pl&aacute;tano","food","predicate1","de madera",0.06,"material"
"113","21","sof&aacute; ","furniture","predicate1","enorme",0.92,"size"
"114","21","ventilador","furniture","predicate1","rojo",0.07,"color"
"115","21","escritorio","furniture","predicate1","amarillo",0.11,"color"
"116","21","queso","food","predicate1","largo",0.93,"size"
"117","21","tomate","food","predicate1","podrido",0.9,"age"
"118","21","ventilador","furniture","predicate1","grande",0.94,"size"
"119","21","sof&aacute; ","furniture","predicate1","morado",0.03,"color"
"120","21","televisi&oacute;n ","furniture","predicate1","verde",0.06,"color"
"121","21","tomate","food","predicate1","duro",0.89,"texture"
"122","21","silla","furniture","predicate1","metal",0.09,"material"
"123","21","queso","food","predicate1","peque&ntilde;o",0.06,"size"
"124","21","zanahoria","food","predicate1","largo",0.87,"size"
"125","21","ventilador","furniture","predicate1","bueno",0.89,"quality"
"126","21","sof&aacute; ","furniture","predicate1","bueno",0.89,"quality"
"127","21","televisi&oacute;n ","furniture","predicate1","liso",0.95,"texture"
"128","21","pl&aacute;tano","food","predicate1","fresco",0.07,"age"
"129","21","tomate","food","predicate1","bueno",0.06,"quality"
"130","21","tomate","food","predicate1","min&uacute;sculo",0.07,"size"
"131","23","pl&aacute;tano","food","predicate1","fresco",0.97,"age"
"132","23","televisi&oacute;n ","furniture","predicate1","grande",0.99,"size"
"133","23","queso","food","predicate1","peque&ntilde;o",0.01,"size"
"134","23","queso","food","predicate1","grande",0.96,"size"
"135","23","queso","food","predicate1","largo",0.04,"size"
"136","23","ventilador","furniture","predicate1","corto",0.03,"size"
"137","23","pl&aacute;tano","food","predicate1","enorme",0.96,"size"
"138","23","manzana","food","predicate1","fresco",0.94,"age"
"139","23","tomate","food","predicate1","suave",0.02,"texture"
"140","23","pl&aacute;tano","food","predicate1","verde",0.94,"color"
"141","23","manzana","food","predicate1","marr&oacute;n",0.96,"color"
"142","23","pl&aacute;tano","food","predicate1","amarillo",0.93,"color"
"143","23","manzana","food","predicate1","min&uacute;sculo",0.96,"size"
"144","23","queso","food","predicate1","bueno",0,"quality"
"145","23","zanahoria","food","predicate1","de madera",0.96,"material"
"146","23","tomate","food","predicate1","azul",0.01,"color"
"147","23","televisi&oacute;n ","furniture","predicate1","verde",0.97,"color"
"148","23","tomate","food","predicate1","nuevo",0.98,"age"
"149","23","queso","food","predicate1","min&uacute;sculo",0.03,"size"
"150","23","sof&aacute; ","furniture","predicate1","metal",0.96,"material"
"151","23","sof&aacute; ","furniture","predicate1","fresco",0.03,"age"
"152","23","ventilador","furniture","predicate1","fresco",0.97,"age"
"153","23","televisi&oacute;n ","furniture","predicate1","pl&aacute;stico",0.95,"material"
"154","23","sof&aacute; ","furniture","predicate1","bueno",0.05,"quality"
"155","23","pl&aacute;tano","food","predicate1","verde",0.97,"color"
"156","23","televisi&oacute;n ","furniture","predicate1","viejo",0.97,"age"
"157","25","escritorio","furniture","predicate1","metal",0.62,"material"
"158","25","zanahoria","food","predicate1","duro",0.22,"texture"
"159","25","queso","food","predicate1","viejo",0.38,"age"
"160","25","sof&aacute; ","furniture","predicate1","cuadrado",0.5,"shape"
"161","25","sof&aacute; ","furniture","predicate1","metal",0.51,"material"
"162","25","escritorio","furniture","predicate1","grande",0.3,"size"
"163","25","tomate","food","predicate1","bueno",0.35,"quality"
"164","25","escritorio","furniture","predicate1","podrido",0.39,"age"
"165","25","sof&aacute; ","furniture","predicate1","peque&ntilde;o",0.36,"size"
"166","25","zanahoria","food","predicate1","fresco",0.65,"age"
"167","25","silla","furniture","predicate1","suave",0.35,"texture"
"168","25","zanahoria","food","predicate1","de madera",0.33,"material"
"169","25","zanahoria","food","predicate1","de madera",0.31,"material"
"170","25","manzana","food","predicate1","enorme",0.73,"size"
"171","25","silla","furniture","predicate1","fresco",0.28,"age"
"172","25","silla","furniture","predicate1","rojo",0.34,"color"
"173","25","sof&aacute; ","furniture","predicate1","verde",0.27,"color"
"174","25","sof&aacute; ","furniture","predicate1","pl&aacute;stico",0.68,"material"
"175","25","sof&aacute; ","furniture","predicate1","pl&aacute;stico",0.68,"material"
"176","25","tomate","food","predicate1","suave",0.3,"texture"
"177","25","pl&aacute;tano","food","predicate1","azul",0.72,"color"
"178","25","pl&aacute;tano","food","predicate1","suave",0.64,"texture"
"179","25","queso","food","predicate1","viejo",0.7,"age"
"180","25","tomate","food","predicate1","bueno",0.26,"quality"
"181","25","pl&aacute;tano","food","predicate1","liso",0.75,"texture"
"182","25","silla","furniture","predicate1","morado",0.51,"color"
"183","27","silla","furniture","predicate1","min&uacute;sculo",0.32,"size"
"184","27","sof&aacute; ","furniture","predicate1","malo",0.45,"quality"
"185","27","zanahoria","food","predicate1","verde",0.5,"color"
"186","27","zanahoria","food","predicate1","azul",0.5,"color"
"187","27","ventilador","furniture","predicate1","malo",0.55,"quality"
"188","27","manzana","food","predicate1","suave",0.4,"texture"
"189","27","manzana","food","predicate1","duro",0.55,"texture"
"190","27","ventilador","furniture","predicate1","pl&aacute;stico",0.45,"material"
"191","27","tomate","food","predicate1","morado",0.59,"color"
"192","27","tomate","food","predicate1","malo",0.5,"quality"
"193","27","pl&aacute;tano","food","predicate1","nuevo",0.57,"age"
"194","27","tomate","food","predicate1","pl&aacute;stico",0.51,"material"
"195","27","escritorio","furniture","predicate1","fresco",0.54,"age"
"196","27","escritorio","furniture","predicate1","marr&oacute;n",0.46,"color"
"197","27","sof&aacute; ","furniture","predicate1","metal",0.42,"material"
"198","27","zanahoria","food","predicate1","viejo",0.44,"age"
"199","27","pl&aacute;tano","food","predicate1","morado",0.5,"color"
"200","27","televisi&oacute;n ","furniture","predicate1","podrido",0.47,"age"
"201","27","manzana","food","predicate1","morado",0.46,"color"
"202","27","televisi&oacute;n ","furniture","predicate1","enorme",0.47,"size"
"203","27","pl&aacute;tano","food","predicate1","min&uacute;sculo",0.51,"size"
"204","27","tomate","food","predicate1","peque&ntilde;o",0.51,"size"
"205","27","queso","food","predicate1","marr&oacute;n",0.51,"color"
"206","27","queso","food","predicate1","verde",0.47,"color"
"207","27","escritorio","furniture","predicate1","metal",0.51,"material"
"208","27","televisi&oacute;n ","furniture","predicate1","suave",0.5,"texture"
"209","28","manzana","food","predicate1","largo",1,"size"
"210","28","manzana","food","predicate1","amarillo",0.8,"color"
"211","28","queso","food","predicate1","nuevo",0.75,"age"
"212","28","manzana","food","predicate1","redondo",0.2,"shape"
"213","28","queso","food","predicate1","viejo",0,"age"
"214","28","televisi&oacute;n ","furniture","predicate1","marr&oacute;n",0.85,"color"
"215","28","queso","food","predicate1","grande",0.11,"size"
"216","28","ventilador","furniture","predicate1","cuadrado",0.9,"shape"
"217","28","escritorio","furniture","predicate1","pl&aacute;stico",0.16,"material"
"218","28","queso","food","predicate1","liso",0.25,"texture"
"219","28","sof&aacute; ","furniture","predicate1","malo",0.09,"quality"
"220","28","ventilador","furniture","predicate1","cuadrado",0.9,"shape"
"221","28","silla","furniture","predicate1","verde",0.91,"color"
"222","28","tomate","food","predicate1","largo",0.02,"size"
"223","28","queso","food","predicate1","amarillo",0.22,"color"
"224","28","queso","food","predicate1","peque&ntilde;o",0.97,"size"
"225","28","ventilador","furniture","predicate1","corto",0.09,"size"
"226","28","tomate","food","predicate1","de madera",0.91,"material"
"227","28","ventilador","furniture","predicate1","marr&oacute;n",0.92,"color"
"228","28","silla","furniture","predicate1","largo",0.98,"size"
"229","28","manzana","food","predicate1","malo",0,"quality"
"230","28","tomate","food","predicate1","marr&oacute;n",0.94,"color"
"231","28","ventilador","furniture","predicate1","largo",0.12,"size"
"232","28","silla","furniture","predicate1","largo",0.06,"size"
"233","28","silla","furniture","predicate1","peque&ntilde;o",0.92,"size"
"234","28","manzana","food","predicate1","corto",0.43,"size"
"235","31","zanahoria","food","predicate1","verde",0.05,"color"
"236","31","sof&aacute; ","furniture","predicate1","viejo",0.93,"age"
"237","31","pl&aacute;tano","food","predicate1","podrido",0.03,"age"
"238","31","queso","food","predicate1","pl&aacute;stico",0.07,"material"
"239","31","manzana","food","predicate1","rojo",0.87,"color"
"240","31","ventilador","furniture","predicate1","duro",0.88,"texture"
"241","31","silla","furniture","predicate1","nuevo",0.94,"age"
"242","31","silla","furniture","predicate1","rojo",0.87,"color"
"243","31","silla","furniture","predicate1","pl&aacute;stico",0.05,"material"
"244","31","escritorio","furniture","predicate1","enorme",0.92,"size"
"245","31","silla","furniture","predicate1","viejo",0.85,"age"
"246","31","pl&aacute;tano","food","predicate1","nuevo",0.1,"age"
"247","31","pl&aacute;tano","food","predicate1","nuevo",0.83,"age"
"248","31","queso","food","predicate1","pl&aacute;stico",0.81,"material"
"249","31","queso","food","predicate1","enorme",0.81,"size"
"250","31","manzana","food","predicate1","liso",0.18,"texture"
"251","31","silla","furniture","predicate1","rojo",0.04,"color"
"252","31","silla","furniture","predicate1","bueno",0.96,"quality"
"253","31","pl&aacute;tano","food","predicate1","min&uacute;sculo",0.98,"size"
"254","31","silla","furniture","predicate1","fresco",0.92,"age"
"255","31","pl&aacute;tano","food","predicate1","rojo",0.9,"color"
"256","31","sof&aacute; ","furniture","predicate1","amarillo",0.12,"color"
"257","31","televisi&oacute;n ","furniture","predicate1","grande",0.98,"size"
"258","31","silla","furniture","predicate1","grande",0.95,"size"
"259","31","pl&aacute;tano","food","predicate1","metal",0.98,"material"
"260","31","ventilador","furniture","predicate1","liso",0.03,"texture"
"261","35","escritorio","furniture","predicate1","duro",0.02,"texture"
"262","35","escritorio","furniture","predicate1","grande",0.04,"size"
"263","35","tomate","food","predicate1","peque&ntilde;o",0.01,"size"
"264","35","sof&aacute; ","furniture","predicate1","grande",0.96,"size"
"265","35","tomate","food","predicate1","corto",0.98,"size"
"266","35","zanahoria","food","predicate1","grande",0.06,"size"
"267","35","ventilador","furniture","predicate1","nuevo",0.96,"age"
"268","35","tomate","food","predicate1","grande",0.95,"size"
"269","35","televisi&oacute;n ","furniture","predicate1","malo",0.94,"quality"
"270","35","tomate","food","predicate1","de madera",0.05,"material"
"271","35","televisi&oacute;n ","furniture","predicate1","redondo",0.03,"shape"
"272","35","televisi&oacute;n ","furniture","predicate1","enorme",0.97,"size"
"273","35","pl&aacute;tano","food","predicate1","metal",0.08,"material"
"274","35","queso","food","predicate1","corto",0.09,"size"
"275","35","manzana","food","predicate1","min&uacute;sculo",0.94,"size"
"276","35","ventilador","furniture","predicate1","largo",0.08,"size"
"277","35","ventilador","furniture","predicate1","duro",0.92,"texture"
"278","35","pl&aacute;tano","food","predicate1","amarillo",0.09,"color"
"279","35","escritorio","furniture","predicate1","grande",0.1,"size"
"280","35","pl&aacute;tano","food","predicate1","min&uacute;sculo",0.09,"size"
"281","35","ventilador","furniture","predicate1","suave",0.9,"texture"
"282","35","silla","furniture","predicate1","grande",0.89,"size"
"283","35","queso","food","predicate1","malo",0.89,"quality"
"284","35","sof&aacute; ","furniture","predicate1","viejo",0.89,"age"
"285","35","tomate","food","predicate1","verde",0.9,"color"
"286","35","zanahoria","food","predicate1","suave",0.1,"texture"
"287","1","televisi&oacute;n ","furniture","rightpredicate1","largo",0.45,"size"
"288","1","silla","furniture","rightpredicate1","peque&ntilde;o",0.23,"size"
"289","1","ventilador","furniture","rightpredicate1","redondo",0.8,"shape"
"290","1","silla","furniture","rightpredicate1","fresco",0.45,"age"
"291","1","silla","furniture","rightpredicate1","viejo",0.24,"age"
"292","1","zanahoria","food","rightpredicate1","redondo",0.92,"shape"
"293","1","televisi&oacute;n ","furniture","rightpredicate1","azul",0.66,"color"
"294","1","pl&aacute;tano","food","rightpredicate1","fresco",0.33,"age"
"295","1","queso","food","rightpredicate1","cuadrado",0.26,"shape"
"296","1","escritorio","furniture","rightpredicate1","duro",0.72,"texture"
"297","1","escritorio","furniture","rightpredicate1","de madera",0.19,"material"
"298","1","escritorio","furniture","rightpredicate1","cuadrado",0.8,"shape"
"299","1","silla","furniture","rightpredicate1","rojo",0.78,"color"
"300","1","manzana","food","rightpredicate1","bueno",0.57,"quality"
"301","1","manzana","food","rightpredicate1","podrido",0.64,"age"
"302","1","zanahoria","food","rightpredicate1","min&uacute;sculo",0.29,"size"
"303","1","escritorio","furniture","rightpredicate1","morado",0.31,"color"
"304","1","sof&aacute; ","furniture","rightpredicate1","marr&oacute;n",0.34,"color"
"305","1","ventilador","furniture","rightpredicate1","largo",0.83,"size"
"306","1","manzana","food","rightpredicate1","de madera",0.11,"material"
"307","1","escritorio","furniture","rightpredicate1","podrido",0.18,"age"
"308","1","queso","food","rightpredicate1","verde",0.88,"color"
"309","1","tomate","food","rightpredicate1","metal",0.76,"material"
"310","1","queso","food","rightpredicate1","corto",0.25,"size"
"311","1","silla","furniture","rightpredicate1","cuadrado",0.22,"shape"
"312","1","televisi&oacute;n ","furniture","rightpredicate1","suave",0.05,"texture"
"313","10","tomate","food","rightpredicate1","grande",1,"size"
"314","10","zanahoria","food","rightpredicate1","suave",0,"texture"
"315","10","televisi&oacute;n ","furniture","rightpredicate1","grande",0,"size"
"316","10","queso","food","rightpredicate1","metal",0,"material"
"317","10","manzana","food","rightpredicate1","enorme",1,"size"
"318","10","televisi&oacute;n ","furniture","rightpredicate1","enorme",0,"size"
"319","10","sof&aacute; ","furniture","rightpredicate1","min&uacute;sculo",0,"size"
"320","10","zanahoria","food","rightpredicate1","largo",0,"size"
"321","10","silla","furniture","rightpredicate1","duro",0,"texture"
"322","10","queso","food","rightpredicate1","grande",1,"size"
"323","10","sof&aacute; ","furniture","rightpredicate1","bueno",0,"quality"
"324","10","ventilador","furniture","rightpredicate1","nuevo",0,"age"
"325","10","zanahoria","food","rightpredicate1","amarillo",1,"color"
"326","10","escritorio","furniture","rightpredicate1","bueno",0,"quality"
"327","10","pl&aacute;tano","food","rightpredicate1","de madera",0,"material"
"328","10","televisi&oacute;n ","furniture","rightpredicate1","malo",1,"quality"
"329","10","tomate","food","rightpredicate1","malo",0,"quality"
"330","10","zanahoria","food","rightpredicate1","viejo",1,"age"
"331","10","manzana","food","rightpredicate1","metal",0,"material"
"332","10","tomate","food","rightpredicate1","corto",1,"size"
"333","10","pl&aacute;tano","food","rightpredicate1","peque&ntilde;o",0,"size"
"334","10","queso","food","rightpredicate1","azul",1,"color"
"335","10","pl&aacute;tano","food","rightpredicate1","rojo",0,"color"
"336","10","sof&aacute; ","furniture","rightpredicate1","largo",1,"size"
"337","10","zanahoria","food","rightpredicate1","fresco",0,"age"
"338","10","queso","food","rightpredicate1","nuevo",0,"age"
"339","11","televisi&oacute;n ","furniture","rightpredicate1","largo",0.5,"size"
"340","11","manzana","food","rightpredicate1","pl&aacute;stico",0.38,"material"
"341","11","manzana","food","rightpredicate1","bueno",0.68,"quality"
"342","11","manzana","food","rightpredicate1","corto",0.79,"size"
"343","11","ventilador","furniture","rightpredicate1","enorme",0.66,"size"
"344","11","queso","food","rightpredicate1","largo",0.4,"size"
"345","11","tomate","food","rightpredicate1","duro",0.73,"texture"
"346","11","manzana","food","rightpredicate1","pl&aacute;stico",0.28,"material"
"347","11","sof&aacute; ","furniture","rightpredicate1","malo",0.81,"quality"
"348","11","sof&aacute; ","furniture","rightpredicate1","suave",0.1,"texture"
"349","11","escritorio","furniture","rightpredicate1","enorme",0.31,"size"
"350","11","queso","food","rightpredicate1","min&uacute;sculo",0.29,"size"
"351","11","sof&aacute; ","furniture","rightpredicate1","grande",0.82,"size"
"352","11","ventilador","furniture","rightpredicate1","amarillo",0.85,"color"
"353","11","sof&aacute; ","furniture","rightpredicate1","corto",0.75,"size"
"354","11","ventilador","furniture","rightpredicate1","bueno",0.1,"quality"
"355","11","pl&aacute;tano","food","rightpredicate1","azul",0.5,"color"
"356","11","escritorio","furniture","rightpredicate1","podrido",0.81,"age"
"357","11","queso","food","rightpredicate1","cuadrado",0.28,"shape"
"358","11","televisi&oacute;n ","furniture","rightpredicate1","amarillo",0.19,"color"
"359","11","escritorio","furniture","rightpredicate1","grande",0.84,"size"
"360","11","televisi&oacute;n ","furniture","rightpredicate1","liso",0.82,"texture"
"361","11","televisi&oacute;n ","furniture","rightpredicate1","largo",0.74,"size"
"362","11","manzana","food","rightpredicate1","bueno",0.82,"quality"
"363","11","tomate","food","rightpredicate1","metal",0.21,"material"
"364","11","ventilador","furniture","rightpredicate1","marr&oacute;n",0.13,"color"
"365","18","televisi&oacute;n ","furniture","rightpredicate1","verde",0.96,"color"
"366","18","queso","food","rightpredicate1","marr&oacute;n",0.98,"color"
"367","18","queso","food","rightpredicate1","fresco",0.05,"age"
"368","18","sof&aacute; ","furniture","rightpredicate1","rojo",0.01,"color"
"369","18","silla","furniture","rightpredicate1","suave",0.97,"texture"
"370","18","queso","food","rightpredicate1","cuadrado",0.03,"shape"
"371","18","zanahoria","food","rightpredicate1","suave",0.99,"texture"
"372","18","televisi&oacute;n ","furniture","rightpredicate1","duro",0.99,"texture"
"373","18","pl&aacute;tano","food","rightpredicate1","pl&aacute;stico",0.99,"material"
"374","18","ventilador","furniture","rightpredicate1","pl&aacute;stico",0.99,"material"
"375","18","zanahoria","food","rightpredicate1","grande",0.01,"size"
"376","18","silla","furniture","rightpredicate1","suave",0.03,"texture"
"377","18","silla","furniture","rightpredicate1","min&uacute;sculo",0.01,"size"
"378","18","manzana","food","rightpredicate1","azul",0.01,"color"
"379","18","manzana","food","rightpredicate1","redondo",0.02,"shape"
"380","18","manzana","food","rightpredicate1","liso",1,"texture"
"381","18","queso","food","rightpredicate1","largo",0.93,"size"
"382","18","queso","food","rightpredicate1","rojo",0.98,"color"
"383","18","manzana","food","rightpredicate1","suave",0.03,"texture"
"384","18","ventilador","furniture","rightpredicate1","redondo",0.02,"shape"
"385","18","pl&aacute;tano","food","rightpredicate1","redondo",0.01,"shape"
"386","18","pl&aacute;tano","food","rightpredicate1","grande",1,"size"
"387","18","tomate","food","rightpredicate1","metal",1,"material"
"388","18","televisi&oacute;n ","furniture","rightpredicate1","nuevo",1,"age"
"389","18","sof&aacute; ","furniture","rightpredicate1","fresco",0.01,"age"
"390","18","tomate","food","rightpredicate1","redondo",0.05,"shape"
"391","21","ventilador","furniture","rightpredicate1","nuevo",0.97,"age"
"392","21","sof&aacute; ","furniture","rightpredicate1","pl&aacute;stico",0.05,"material"
"393","21","ventilador","furniture","rightpredicate1","malo",0.08,"quality"
"394","21","zanahoria","food","rightpredicate1","redondo",0.94,"shape"
"395","21","manzana","food","rightpredicate1","marr&oacute;n",0.08,"color"
"396","21","pl&aacute;tano","food","rightpredicate1","corto",0.95,"size"
"397","21","zanahoria","food","rightpredicate1","amarillo",0.92,"color"
"398","21","pl&aacute;tano","food","rightpredicate1","azul",0.94,"color"
"399","21","sof&aacute; ","furniture","rightpredicate1","rojo",0.08,"color"
"400","21","ventilador","furniture","rightpredicate1","metal",0.93,"material"
"401","21","escritorio","furniture","rightpredicate1","metal",0.89,"material"
"402","21","queso","food","rightpredicate1","fresco",0.07,"age"
"403","21","tomate","food","rightpredicate1","de madera",0.1,"material"
"404","21","ventilador","furniture","rightpredicate1","rojo",0.0600000000000001,"color"
"405","21","sof&aacute; ","furniture","rightpredicate1","fresco",0.97,"age"
"406","21","televisi&oacute;n ","furniture","rightpredicate1","bueno",0.94,"quality"
"407","21","tomate","food","rightpredicate1","corto",0.11,"size"
"408","21","silla","furniture","rightpredicate1","verde",0.91,"color"
"409","21","queso","food","rightpredicate1","azul",0.94,"color"
"410","21","zanahoria","food","rightpredicate1","azul",0.13,"color"
"411","21","ventilador","furniture","rightpredicate1","viejo",0.11,"age"
"412","21","sof&aacute; ","furniture","rightpredicate1","rojo",0.11,"color"
"413","21","televisi&oacute;n ","furniture","rightpredicate1","min&uacute;sculo",0.05,"size"
"414","21","pl&aacute;tano","food","rightpredicate1","duro",0.93,"texture"
"415","21","tomate","food","rightpredicate1","viejo",0.94,"age"
"416","21","tomate","food","rightpredicate1","redondo",0.93,"shape"
"417","23","pl&aacute;tano","food","rightpredicate1","min&uacute;sculo",0.03,"size"
"418","23","televisi&oacute;n ","furniture","rightpredicate1","azul",0.01,"color"
"419","23","queso","food","rightpredicate1","amarillo",0.99,"color"
"420","23","queso","food","rightpredicate1","liso",0.04,"texture"
"421","23","queso","food","rightpredicate1","amarillo",0.96,"color"
"422","23","ventilador","furniture","rightpredicate1","duro",0.97,"texture"
"423","23","pl&aacute;tano","food","rightpredicate1","duro",0.04,"texture"
"424","23","manzana","food","rightpredicate1","marr&oacute;n",0.0600000000000001,"color"
"425","23","tomate","food","rightpredicate1","grande",0.98,"size"
"426","23","pl&aacute;tano","food","rightpredicate1","de madera",0.0600000000000001,"material"
"427","23","manzana","food","rightpredicate1","de madera",0.04,"material"
"428","23","pl&aacute;tano","food","rightpredicate1","podrido",0.07,"age"
"429","23","manzana","food","rightpredicate1","podrido",0.04,"age"
"430","23","queso","food","rightpredicate1","de madera",1,"material"
"431","23","zanahoria","food","rightpredicate1","duro",0.04,"texture"
"432","23","tomate","food","rightpredicate1","grande",0.99,"size"
"433","23","televisi&oacute;n ","furniture","rightpredicate1","suave",0.03,"texture"
"434","23","tomate","food","rightpredicate1","min&uacute;sculo",0.02,"size"
"435","23","queso","food","rightpredicate1","verde",0.97,"color"
"436","23","sof&aacute; ","furniture","rightpredicate1","morado",0.04,"color"
"437","23","sof&aacute; ","furniture","rightpredicate1","pl&aacute;stico",0.97,"material"
"438","23","ventilador","furniture","rightpredicate1","enorme",0.03,"size"
"439","23","televisi&oacute;n ","furniture","rightpredicate1","corto",0.05,"size"
"440","23","sof&aacute; ","furniture","rightpredicate1","nuevo",0.95,"age"
"441","23","pl&aacute;tano","food","rightpredicate1","redondo",0.03,"shape"
"442","23","televisi&oacute;n ","furniture","rightpredicate1","liso",0.03,"texture"
"443","25","escritorio","furniture","rightpredicate1","redondo",0.38,"shape"
"444","25","zanahoria","food","rightpredicate1","marr&oacute;n",0.78,"color"
"445","25","queso","food","rightpredicate1","bueno",0.62,"quality"
"446","25","sof&aacute; ","furniture","rightpredicate1","metal",0.5,"material"
"447","25","sof&aacute; ","furniture","rightpredicate1","peque&ntilde;o",0.49,"size"
"448","25","escritorio","furniture","rightpredicate1","rojo",0.7,"color"
"449","25","tomate","food","rightpredicate1","corto",0.65,"size"
"450","25","escritorio","furniture","rightpredicate1","liso",0.61,"texture"
"451","25","sof&aacute; ","furniture","rightpredicate1","rojo",0.64,"color"
"452","25","zanahoria","food","rightpredicate1","de madera",0.35,"material"
"453","25","silla","furniture","rightpredicate1","amarillo",0.65,"color"
"454","25","zanahoria","food","rightpredicate1","suave",0.67,"texture"
"455","25","zanahoria","food","rightpredicate1","enorme",0.69,"size"
"456","25","manzana","food","rightpredicate1","viejo",0.27,"age"
"457","25","silla","furniture","rightpredicate1","redondo",0.72,"shape"
"458","25","silla","furniture","rightpredicate1","cuadrado",0.66,"shape"
"459","25","sof&aacute; ","furniture","rightpredicate1","duro",0.73,"texture"
"460","25","sof&aacute; ","furniture","rightpredicate1","suave",0.32,"texture"
"461","25","sof&aacute; ","furniture","rightpredicate1","min&uacute;sculo",0.32,"size"
"462","25","tomate","food","rightpredicate1","enorme",0.7,"size"
"463","25","pl&aacute;tano","food","rightpredicate1","liso",0.28,"texture"
"464","25","pl&aacute;tano","food","rightpredicate1","min&uacute;sculo",0.36,"size"
"465","25","queso","food","rightpredicate1","enorme",0.3,"size"
"466","25","tomate","food","rightpredicate1","fresco",0.74,"age"
"467","25","pl&aacute;tano","food","rightpredicate1","rojo",0.25,"color"
"468","25","silla","furniture","rightpredicate1","malo",0.49,"quality"
"469","27","silla","furniture","rightpredicate1","amarillo",0.68,"color"
"470","27","sof&aacute; ","furniture","rightpredicate1","metal",0.55,"material"
"471","27","zanahoria","food","rightpredicate1","viejo",0.5,"age"
"472","27","zanahoria","food","rightpredicate1","suave",0.5,"texture"
"473","27","ventilador","furniture","rightpredicate1","redondo",0.45,"shape"
"474","27","manzana","food","rightpredicate1","largo",0.6,"size"
"475","27","manzana","food","rightpredicate1","nuevo",0.45,"age"
"476","27","ventilador","furniture","rightpredicate1","liso",0.55,"texture"
"477","27","tomate","food","rightpredicate1","viejo",0.41,"age"
"478","27","tomate","food","rightpredicate1","fresco",0.5,"age"
"479","27","pl&aacute;tano","food","rightpredicate1","min&uacute;sculo",0.43,"size"
"480","27","tomate","food","rightpredicate1","viejo",0.49,"age"
"481","27","escritorio","furniture","rightpredicate1","pl&aacute;stico",0.46,"material"
"482","27","escritorio","furniture","rightpredicate1","podrido",0.54,"age"
"483","27","sof&aacute; ","furniture","rightpredicate1","min&uacute;sculo",0.58,"size"
"484","27","zanahoria","food","rightpredicate1","min&uacute;sculo",0.56,"size"
"485","27","pl&aacute;tano","food","rightpredicate1","redondo",0.5,"shape"
"486","27","televisi&oacute;n ","furniture","rightpredicate1","rojo",0.53,"color"
"487","27","manzana","food","rightpredicate1","pl&aacute;stico",0.54,"material"
"488","27","televisi&oacute;n ","furniture","rightpredicate1","malo",0.53,"quality"
"489","27","pl&aacute;tano","food","rightpredicate1","redondo",0.49,"shape"
"490","27","tomate","food","rightpredicate1","podrido",0.49,"age"
"491","27","queso","food","rightpredicate1","peque&ntilde;o",0.49,"size"
"492","27","queso","food","rightpredicate1","pl&aacute;stico",0.53,"material"
"493","27","escritorio","furniture","rightpredicate1","largo",0.49,"size"
"494","27","televisi&oacute;n ","furniture","rightpredicate1","malo",0.5,"quality"
"495","28","manzana","food","rightpredicate1","rojo",0,"color"
"496","28","manzana","food","rightpredicate1","liso",0.2,"texture"
"497","28","queso","food","rightpredicate1","grande",0.25,"size"
"498","28","manzana","food","rightpredicate1","amarillo",0.8,"color"
"499","28","queso","food","rightpredicate1","azul",1,"color"
"500","28","televisi&oacute;n ","furniture","rightpredicate1","de madera",0.15,"material"
"501","28","queso","food","rightpredicate1","azul",0.89,"color"
"502","28","ventilador","furniture","rightpredicate1","fresco",0.1,"age"
"503","28","escritorio","furniture","rightpredicate1","morado",0.84,"color"
"504","28","queso","food","rightpredicate1","pl&aacute;stico",0.75,"material"
"505","28","sof&aacute; ","furniture","rightpredicate1","duro",0.91,"texture"
"506","28","ventilador","furniture","rightpredicate1","metal",0.1,"material"
"507","28","silla","furniture","rightpredicate1","pl&aacute;stico",0.09,"material"
"508","28","tomate","food","rightpredicate1","azul",0.98,"color"
"509","28","queso","food","rightpredicate1","redondo",0.78,"shape"
"510","28","queso","food","rightpredicate1","fresco",0.03,"age"
"511","28","ventilador","furniture","rightpredicate1","azul",0.91,"color"
"512","28","tomate","food","rightpredicate1","fresco",0.09,"age"
"513","28","ventilador","furniture","rightpredicate1","malo",0.08,"quality"
"514","28","silla","furniture","rightpredicate1","malo",0.02,"quality"
"515","28","manzana","food","rightpredicate1","amarillo",1,"color"
"516","28","tomate","food","rightpredicate1","viejo",0.0600000000000001,"age"
"517","28","ventilador","furniture","rightpredicate1","metal",0.88,"material"
"518","28","silla","furniture","rightpredicate1","amarillo",0.94,"color"
"519","28","silla","furniture","rightpredicate1","podrido",0.08,"age"
"520","28","manzana","food","rightpredicate1","suave",0.57,"texture"
"521","31","zanahoria","food","rightpredicate1","min&uacute;sculo",0.95,"size"
"522","31","sof&aacute; ","furniture","rightpredicate1","suave",0.07,"texture"
"523","31","pl&aacute;tano","food","rightpredicate1","cuadrado",0.97,"shape"
"524","31","queso","food","rightpredicate1","bueno",0.93,"quality"
"525","31","manzana","food","rightpredicate1","redondo",0.13,"shape"
"526","31","ventilador","furniture","rightpredicate1","de madera",0.12,"material"
"527","31","silla","furniture","rightpredicate1","marr&oacute;n",0.0600000000000001,"color"
"528","31","silla","furniture","rightpredicate1","fresco",0.13,"age"
"529","31","silla","furniture","rightpredicate1","enorme",0.95,"size"
"530","31","escritorio","furniture","rightpredicate1","redondo",0.08,"shape"
"531","31","silla","furniture","rightpredicate1","redondo",0.15,"shape"
"532","31","pl&aacute;tano","food","rightpredicate1","peque&ntilde;o",0.9,"size"
"533","31","pl&aacute;tano","food","rightpredicate1","morado",0.17,"color"
"534","31","queso","food","rightpredicate1","morado",0.19,"color"
"535","31","queso","food","rightpredicate1","marr&oacute;n",0.19,"color"
"536","31","manzana","food","rightpredicate1","bueno",0.82,"quality"
"537","31","silla","furniture","rightpredicate1","peque&ntilde;o",0.96,"size"
"538","31","silla","furniture","rightpredicate1","viejo",0.04,"age"
"539","31","pl&aacute;tano","food","rightpredicate1","podrido",0.02,"age"
"540","31","silla","furniture","rightpredicate1","marr&oacute;n",0.08,"color"
"541","31","pl&aacute;tano","food","rightpredicate1","redondo",0.1,"shape"
"542","31","sof&aacute; ","furniture","rightpredicate1","largo",0.88,"size"
"543","31","televisi&oacute;n ","furniture","rightpredicate1","metal",0.02,"material"
"544","31","silla","furniture","rightpredicate1","redondo",0.05,"shape"
"545","31","pl&aacute;tano","food","rightpredicate1","azul",0.02,"color"
"546","31","ventilador","furniture","rightpredicate1","metal",0.97,"material"
"547","35","escritorio","furniture","rightpredicate1","pl&aacute;stico",0.98,"material"
"548","35","escritorio","furniture","rightpredicate1","pl&aacute;stico",0.96,"material"
"549","35","tomate","food","rightpredicate1","pl&aacute;stico",0.99,"material"
"550","35","sof&aacute; ","furniture","rightpredicate1","redondo",0.04,"shape"
"551","35","tomate","food","rightpredicate1","pl&aacute;stico",0.02,"material"
"552","35","zanahoria","food","rightpredicate1","verde",0.94,"color"
"553","35","ventilador","furniture","rightpredicate1","redondo",0.04,"shape"
"554","35","tomate","food","rightpredicate1","morado",0.05,"color"
"555","35","televisi&oacute;n ","furniture","rightpredicate1","redondo",0.0600000000000001,"shape"
"556","35","tomate","food","rightpredicate1","corto",0.95,"size"
"557","35","televisi&oacute;n ","furniture","rightpredicate1","largo",0.97,"size"
"558","35","televisi&oacute;n ","furniture","rightpredicate1","suave",0.03,"texture"
"559","35","pl&aacute;tano","food","rightpredicate1","fresco",0.92,"age"
"560","35","queso","food","rightpredicate1","bueno",0.91,"quality"
"561","35","manzana","food","rightpredicate1","de madera",0.0600000000000001,"material"
"562","35","ventilador","furniture","rightpredicate1","viejo",0.92,"age"
"563","35","ventilador","furniture","rightpredicate1","amarillo",0.08,"color"
"564","35","pl&aacute;tano","food","rightpredicate1","largo",0.91,"size"
"565","35","escritorio","furniture","rightpredicate1","verde",0.9,"color"
"566","35","pl&aacute;tano","food","rightpredicate1","nuevo",0.91,"age"
"567","35","ventilador","furniture","rightpredicate1","podrido",0.1,"age"
"568","35","silla","furniture","rightpredicate1","de madera",0.11,"material"
"569","35","queso","food","rightpredicate1","podrido",0.11,"age"
"570","35","sof&aacute; ","furniture","rightpredicate1","corto",0.11,"size"
"571","35","tomate","food","rightpredicate1","peque&ntilde;o",0.1,"size"
"572","35","zanahoria","food","rightpredicate1","marr&oacute;n",0.9,"color"
