"","workerid","firstutterance","noun","nounclass","slide_number","predicate","class","response","language","school","age","assess","education","lived","level","family","years","describe","classes","gender.1"
"27","1","es","zanahoria","food","3","redondo","shape",0,"Español","most",18,"Yes","1","both8","native","span","mostlive","SpanSpan","yes","Male"
"28","1","no es","queso","food","4","largo","size",0.19,"Español","most",18,"Yes","1","both8","native","span","mostlive","SpanSpan","yes","Male"
"29","1","no es","zanahoria","food","5","morado","color",0,"Español","most",18,"Yes","1","both8","native","span","mostlive","SpanSpan","yes","Male"
"30","1","no es","ventilador","furniture","6","enorme","size",0.02,"Español","most",18,"Yes","1","both8","native","span","mostlive","SpanSpan","yes","Male"
"31","1","es","zanahoria","food","7","liso","texture",0.77,"Español","most",18,"Yes","1","both8","native","span","mostlive","SpanSpan","yes","Male"
"32","1","no es","silla","furniture","8","nuevo","age",0.74,"Español","most",18,"Yes","1","both8","native","span","mostlive","SpanSpan","yes","Male"
"33","1","no es","manzana","food","9","malo","quality",0.01,"Español","most",18,"Yes","1","both8","native","span","mostlive","SpanSpan","yes","Male"
"34","1","es","zanahoria","food","10","min&uacute;sculo","size",0.74,"Español","most",18,"Yes","1","both8","native","span","mostlive","SpanSpan","yes","Male"
"35","1","no es","queso","food","11","viejo","age",0.03,"Español","most",18,"Yes","1","both8","native","span","mostlive","SpanSpan","yes","Male"
"36","1","es","pl&aacute;tano","food","12","bueno","quality",1,"Español","most",18,"Yes","1","both8","native","span","mostlive","SpanSpan","yes","Male"
"37","1","no es","tomate","food","13","fresco","age",0.13,"Español","most",18,"Yes","1","both8","native","span","mostlive","SpanSpan","yes","Male"
"38","1","est&aacute;","silla","furniture","14","podrido","age",0.04,"Español","most",18,"Yes","1","both8","native","span","mostlive","SpanSpan","yes","Male"
"39","1","es","escritorio","furniture","15","cuadrado","shape",0.04,"Español","most",18,"Yes","1","both8","native","span","mostlive","SpanSpan","yes","Male"
"40","1","es","zanahoria","food","16","americano","nationality",0.04,"Español","most",18,"Yes","1","both8","native","span","mostlive","SpanSpan","yes","Male"
"41","1","no es","sof&aacute; ","furniture","17","rojo","color",0.04,"Español","most",18,"Yes","1","both8","native","span","mostlive","SpanSpan","yes","Male"
"42","1","no es","queso","food","18","marr&oacute;n","color",0.01,"Español","most",18,"Yes","1","both8","native","span","mostlive","SpanSpan","yes","Male"
"43","1","es","televisi&oacute;n ","furniture","19","peque&ntilde;o","size",0.97,"Español","most",18,"Yes","1","both8","native","span","mostlive","SpanSpan","yes","Male"
"44","1","no es","zanahoria","food","20","espa&ntilde;ol","nationality",0.02,"Español","most",18,"Yes","1","both8","native","span","mostlive","SpanSpan","yes","Male"
"45","1","es","ventilador","furniture","21","suave","texture",0.16,"Español","most",18,"Yes","1","both8","native","span","mostlive","SpanSpan","yes","Male"
"46","1","es","queso","food","22","verde","color",0.01,"Español","most",18,"Yes","1","both8","native","span","mostlive","SpanSpan","yes","Male"
"47","1","es","televisi&oacute;n ","furniture","23","mexicano","nationality",0.02,"Español","most",18,"Yes","1","both8","native","span","mostlive","SpanSpan","yes","Male"
"48","1","es","tomate","food","24","duro","texture",0.97,"Español","most",18,"Yes","1","both8","native","span","mostlive","SpanSpan","yes","Male"
"49","1","no es","ventilador","furniture","25","grande","size",0.71,"Español","most",18,"Yes","1","both8","native","span","mostlive","SpanSpan","yes","Male"
"50","1","no es","pl&aacute;tano","food","26","azul","color",0.04,"Español","most",18,"Yes","1","both8","native","span","mostlive","SpanSpan","yes","Male"
"51","1","no es","silla","furniture","27","corto","size",0.57,"Español","most",18,"Yes","1","both8","native","span","mostlive","SpanSpan","yes","Male"
"52","1","no es","tomate","food","28","amarillo","color",0,"Español","most",18,"Yes","1","both8","native","span","mostlive","SpanSpan","yes","Male"
"235","9","es","televisi&oacute;n ","furniture","3","marr&oacute;n","color",0,"Español","none",29,"Yes","3","both8","native","span","mostlive","SpanSpan","no","Male"
"236","9","es","escritorio","furniture","4","corto","size",1,"Español","none",29,"Yes","3","both8","native","span","mostlive","SpanSpan","no","Male"
"237","9","no es","silla","furniture","5","nuevo","age",0.32,"Español","none",29,"Yes","3","both8","native","span","mostlive","SpanSpan","no","Male"
"238","9","no es","televisi&oacute;n ","furniture","6","suave","texture",0.15,"Español","none",29,"Yes","3","both8","native","span","mostlive","SpanSpan","no","Male"
"239","9","es","zanahoria","food","7","cuadrado","shape",0,"Español","none",29,"Yes","3","both8","native","span","mostlive","SpanSpan","no","Male"
"240","9","no es","tomate","food","8","largo","size",0.06,"Español","none",29,"Yes","3","both8","native","span","mostlive","SpanSpan","no","Male"
"241","9","es","tomate","food","9","grande","size",0.89,"Español","none",29,"Yes","3","both8","native","span","mostlive","SpanSpan","no","Male"
"242","9","no es","zanahoria","food","10","malo","quality",1,"Español","none",29,"Yes","3","both8","native","span","mostlive","SpanSpan","no","Male"
"243","9","es","pl&aacute;tano","food","11","peque&ntilde;o","size",0.94,"Español","none",29,"Yes","3","both8","native","span","mostlive","SpanSpan","no","Male"
"244","9","no es","ventilador","furniture","12","enorme","size",0.8,"Español","none",29,"Yes","3","both8","native","span","mostlive","SpanSpan","no","Male"
"245","9","no es","zanahoria","food","13","espa&ntilde;ol","nationality",0,"Español","none",29,"Yes","3","both8","native","span","mostlive","SpanSpan","no","Male"
"246","9","es","zanahoria","food","14","rojo","color",0.11,"Español","none",29,"Yes","3","both8","native","span","mostlive","SpanSpan","no","Male"
"247","9","es","queso","food","15","mexicano","nationality",0,"Español","none",29,"Yes","3","both8","native","span","mostlive","SpanSpan","no","Male"
"248","9","no es","televisi&oacute;n ","furniture","16","viejo","age",0.67,"Español","none",29,"Yes","3","both8","native","span","mostlive","SpanSpan","no","Male"
"249","9","no es","silla","furniture","17","azul","color",0,"Español","none",29,"Yes","3","both8","native","span","mostlive","SpanSpan","no","Male"
"250","9","es","tomate","food","18","amarillo","color",0.09,"Español","none",29,"Yes","3","both8","native","span","mostlive","SpanSpan","no","Male"
"251","9","es","pl&aacute;tano","food","19","liso","texture",0.07,"Español","none",29,"Yes","3","both8","native","span","mostlive","SpanSpan","no","Male"
"252","9","no es","pl&aacute;tano","food","20","verde","color",0.27,"Español","none",29,"Yes","3","both8","native","span","mostlive","SpanSpan","no","Male"
"253","9","es","televisi&oacute;n ","furniture","21","fresco","age",1,"Español","none",29,"Yes","3","both8","native","span","mostlive","SpanSpan","no","Male"
"254","9","es","manzana","food","22","min&uacute;sculo","size",0.74,"Español","none",29,"Yes","3","both8","native","span","mostlive","SpanSpan","no","Male"
"255","9","no es","televisi&oacute;n ","furniture","23","duro","texture",0.1,"Español","none",29,"Yes","3","both8","native","span","mostlive","SpanSpan","no","Male"
"256","9","no es","escritorio","furniture","24","bueno","quality",0.79,"Español","none",29,"Yes","3","both8","native","span","mostlive","SpanSpan","no","Male"
"257","9","no es","sof&aacute; ","furniture","25","morado","color",0.06,"Español","none",29,"Yes","3","both8","native","span","mostlive","SpanSpan","no","Male"
"258","9","es","escritorio","furniture","26","americano","nationality",0,"Español","none",29,"Yes","3","both8","native","span","mostlive","SpanSpan","no","Male"
"259","9","no est&aacute;","sof&aacute; ","furniture","27","podrido","age",0.18,"Español","none",29,"Yes","3","both8","native","span","mostlive","SpanSpan","no","Male"
"260","9","es","tomate","food","28","redondo","shape",0.45,"Español","none",29,"Yes","3","both8","native","span","mostlive","SpanSpan","no","Male"
"313","12","es","pl&aacute;tano","food","3","duro","texture",1,"espanñol","none",21,"Yes","1","both8","native","span","mostlive","SpanSpan","noclasses","Female"
"314","12","no es","manzana","food","4","viejo","age",1,"espanñol","none",21,"Yes","1","both8","native","span","mostlive","SpanSpan","noclasses","Female"
"315","12","es","zanahoria","food","5","verde","color",0,"espanñol","none",21,"Yes","1","both8","native","span","mostlive","SpanSpan","noclasses","Female"
"316","12","no est&aacute;","queso","food","6","podrido","age",1,"espanñol","none",21,"Yes","1","both8","native","span","mostlive","SpanSpan","noclasses","Female"
"317","12","es","pl&aacute;tano","food","7","min&uacute;sculo","size",1,"espanñol","none",21,"Yes","1","both8","native","span","mostlive","SpanSpan","noclasses","Female"
"318","12","es","pl&aacute;tano","food","8","marr&oacute;n","color",0,"espanñol","none",21,"Yes","1","both8","native","span","mostlive","SpanSpan","noclasses","Female"
"319","12","no es","pl&aacute;tano","food","9","rojo","color",0,"espanñol","none",21,"Yes","1","both8","native","span","mostlive","SpanSpan","noclasses","Female"
"320","12","es","sof&aacute; ","furniture","10","suave","texture",1,"espanñol","none",21,"Yes","1","both8","native","span","mostlive","SpanSpan","noclasses","Female"
"321","12","es","silla","furniture","11","morado","color",0,"espanñol","none",21,"Yes","1","both8","native","span","mostlive","SpanSpan","noclasses","Female"
"322","12","no es","zanahoria","food","12","corto","size",0,"espanñol","none",21,"Yes","1","both8","native","span","mostlive","SpanSpan","noclasses","Female"
"323","12","es","escritorio","furniture","13","nuevo","age",0,"espanñol","none",21,"Yes","1","both8","native","span","mostlive","SpanSpan","noclasses","Female"
"324","12","no es","silla","furniture","14","largo","size",0,"espanñol","none",21,"Yes","1","both8","native","span","mostlive","SpanSpan","noclasses","Female"
"325","12","es","pl&aacute;tano","food","15","americano","nationality",0,"espanñol","none",21,"Yes","1","both8","native","span","mostlive","SpanSpan","noclasses","Female"
"326","12","es","sof&aacute; ","furniture","16","peque&ntilde;o","size",1,"espanñol","none",21,"Yes","1","both8","native","span","mostlive","SpanSpan","noclasses","Female"
"327","12","no es","tomate","food","17","enorme","size",1,"espanñol","none",21,"Yes","1","both8","native","span","mostlive","SpanSpan","noclasses","Female"
"328","12","no es","manzana","food","18","malo","quality",1,"espanñol","none",21,"Yes","1","both8","native","span","mostlive","SpanSpan","noclasses","Female"
"329","12","no es","zanahoria","food","19","fresco","age",1,"espanñol","none",21,"Yes","1","both8","native","span","mostlive","SpanSpan","noclasses","Female"
"330","12","es","manzana","food","20","cuadrado","shape",0,"espanñol","none",21,"Yes","1","both8","native","span","mostlive","SpanSpan","noclasses","Female"
"331","12","es","silla","furniture","21","azul","color",0,"espanñol","none",21,"Yes","1","both8","native","span","mostlive","SpanSpan","noclasses","Female"
"332","12","no es","escritorio","furniture","22","redondo","shape",0,"espanñol","none",21,"Yes","1","both8","native","span","mostlive","SpanSpan","noclasses","Female"
"333","12","es","televisi&oacute;n ","furniture","23","amarillo","color",0.02,"espanñol","none",21,"Yes","1","both8","native","span","mostlive","SpanSpan","noclasses","Female"
"334","12","es","silla","furniture","24","mexicano","nationality",0,"espanñol","none",21,"Yes","1","both8","native","span","mostlive","SpanSpan","noclasses","Female"
"335","12","no es","manzana","food","25","bueno","quality",1,"espanñol","none",21,"Yes","1","both8","native","span","mostlive","SpanSpan","noclasses","Female"
"336","12","no es","zanahoria","food","26","grande","size",0,"espanñol","none",21,"Yes","1","both8","native","span","mostlive","SpanSpan","noclasses","Female"
"337","12","no es","pl&aacute;tano","food","27","liso","texture",0,"espanñol","none",21,"Yes","1","both8","native","span","mostlive","SpanSpan","noclasses","Female"
"338","12","no es","televisi&oacute;n ","furniture","28","espa&ntilde;ol","nationality",0,"espanñol","none",21,"Yes","1","both8","native","span","mostlive","SpanSpan","noclasses","Female"
"443","17","es","ventilador","furniture","3","espa&ntilde;ol","nationality",1,"español","most",37,NA,"2","both8","native","","mostlive","SpanSpan","yes","Female"
"444","17","es","tomate","food","4","malo","quality",0.02,"español","most",37,NA,"2","both8","native","","mostlive","SpanSpan","yes","Female"
"445","17","es","escritorio","furniture","5","verde","color",1,"español","most",37,NA,"2","both8","native","","mostlive","SpanSpan","yes","Female"
"446","17","no es","queso","food","6","fresco","age",0,"español","most",37,NA,"2","both8","native","","mostlive","SpanSpan","yes","Female"
"447","17","no es","queso","food","7","largo","size",0,"español","most",37,NA,"2","both8","native","","mostlive","SpanSpan","yes","Female"
"448","17","no es","pl&aacute;tano","food","8","morado","color",0,"español","most",37,NA,"2","both8","native","","mostlive","SpanSpan","yes","Female"
"449","17","es","silla","furniture","9","marr&oacute;n","color",0,"español","most",37,NA,"2","both8","native","","mostlive","SpanSpan","yes","Female"
"450","17","es","televisi&oacute;n ","furniture","10","corto","size",0,"español","most",37,NA,"2","both8","native","","mostlive","SpanSpan","yes","Female"
"451","17","es","ventilador","furniture","11","redondo","shape",0,"español","most",37,NA,"2","both8","native","","mostlive","SpanSpan","yes","Female"
"452","17","no es","manzana","food","12","suave","texture",0,"español","most",37,NA,"2","both8","native","","mostlive","SpanSpan","yes","Female"
"453","17","es","zanahoria","food","13","cuadrado","shape",0,"español","most",37,NA,"2","both8","native","","mostlive","SpanSpan","yes","Female"
"454","17","es","queso","food","14","amarillo","color",1,"español","most",37,NA,"2","both8","native","","mostlive","SpanSpan","yes","Female"
"455","17","es","manzana","food","15","bueno","quality",0,"español","most",37,NA,"2","both8","native","","mostlive","SpanSpan","yes","Female"
"456","17","es","tomate","food","16","enorme","size",0,"español","most",37,NA,"2","both8","native","","mostlive","SpanSpan","yes","Female"
"457","17","no es","tomate","food","17","duro","texture",0,"español","most",37,NA,"2","both8","native","","mostlive","SpanSpan","yes","Female"
"458","17","est&aacute;","ventilador","furniture","18","podrido","age",0,"español","most",37,NA,"2","both8","native","","mostlive","SpanSpan","yes","Female"
"459","17","es","tomate","food","19","liso","texture",0,"español","most",37,NA,"2","both8","native","","mostlive","SpanSpan","yes","Female"
"460","17","es","pl&aacute;tano","food","20","nuevo","age",0,"español","most",37,NA,"2","both8","native","","mostlive","SpanSpan","yes","Female"
"461","17","es","queso","food","21","americano","nationality",0,"español","most",37,NA,"2","both8","native","","mostlive","SpanSpan","yes","Female"
"462","17","es","silla","furniture","22","peque&ntilde;o","size",0,"español","most",37,NA,"2","both8","native","","mostlive","SpanSpan","yes","Female"
"463","17","es","televisi&oacute;n ","furniture","23","azul","color",0,"español","most",37,NA,"2","both8","native","","mostlive","SpanSpan","yes","Female"
"464","17","no es","sof&aacute; ","furniture","24","grande","size",0,"español","most",37,NA,"2","both8","native","","mostlive","SpanSpan","yes","Female"
"465","17","es","escritorio","furniture","25","viejo","age",0,"español","most",37,NA,"2","both8","native","","mostlive","SpanSpan","yes","Female"
"466","17","es","ventilador","furniture","26","min&uacute;sculo","size",0,"español","most",37,NA,"2","both8","native","","mostlive","SpanSpan","yes","Female"
"467","17","es","pl&aacute;tano","food","27","mexicano","nationality",0.02,"español","most",37,NA,"2","both8","native","","mostlive","SpanSpan","yes","Female"
"468","17","es","queso","food","28","rojo","color",0.04,"español","most",37,NA,"2","both8","native","","mostlive","SpanSpan","yes","Female"
"495","19","no es","queso","food","3","largo","size",0,"Espanol","most",37,"Yes","4","both8","native","span","mostlive","SpanSpan","no","Male"
"496","19","es","tomate","food","4","duro","texture",0,"Espanol","most",37,"Yes","4","both8","native","span","mostlive","SpanSpan","no","Male"
"497","19","es","silla","furniture","5","mexicano","nationality",0,"Espanol","most",37,"Yes","4","both8","native","span","mostlive","SpanSpan","no","Male"
"498","19","es","queso","food","6","azul","color",0,"Espanol","most",37,"Yes","4","both8","native","span","mostlive","SpanSpan","no","Male"
"499","19","es","sof&aacute; ","furniture","7","espa&ntilde;ol","nationality",0,"Espanol","most",37,"Yes","4","both8","native","span","mostlive","SpanSpan","no","Male"
"500","19","es","ventilador","furniture","8","liso","texture",0.04,"Espanol","most",37,"Yes","4","both8","native","span","mostlive","SpanSpan","no","Male"
"501","19","no es","tomate","food","9","malo","quality",0,"Espanol","most",37,"Yes","4","both8","native","span","mostlive","SpanSpan","no","Male"
"502","19","no es","ventilador","furniture","10","peque&ntilde;o","size",0.02,"Espanol","most",37,"Yes","4","both8","native","span","mostlive","SpanSpan","no","Male"
"503","19","no es","televisi&oacute;n ","furniture","11","min&uacute;sculo","size",0.02,"Espanol","most",37,"Yes","4","both8","native","span","mostlive","SpanSpan","no","Male"
"504","19","no es","tomate","food","12","fresco","age",0.03,"Espanol","most",37,"Yes","4","both8","native","span","mostlive","SpanSpan","no","Male"
"505","19","no es","queso","food","13","americano","nationality",0.02,"Espanol","most",37,"Yes","4","both8","native","span","mostlive","SpanSpan","no","Male"
"506","19","no es","zanahoria","food","14","cuadrado","shape",0.01,"Espanol","most",37,"Yes","4","both8","native","span","mostlive","SpanSpan","no","Male"
"507","19","es","televisi&oacute;n ","furniture","15","bueno","quality",0.01,"Espanol","most",37,"Yes","4","both8","native","span","mostlive","SpanSpan","no","Male"
"508","19","es","televisi&oacute;n ","furniture","16","amarillo","color",0.01,"Espanol","most",37,"Yes","4","both8","native","span","mostlive","SpanSpan","no","Male"
"509","19","no es","silla","furniture","17","verde","color",0.02,"Espanol","most",37,"Yes","4","both8","native","span","mostlive","SpanSpan","no","Male"
"510","19","est&aacute;","pl&aacute;tano","food","18","podrido","age",0.01,"Espanol","most",37,"Yes","4","both8","native","span","mostlive","SpanSpan","no","Male"
"511","19","no es","pl&aacute;tano","food","19","marr&oacute;n","color",0.03,"Espanol","most",37,"Yes","4","both8","native","span","mostlive","SpanSpan","no","Male"
"512","19","no es","ventilador","furniture","20","viejo","age",0.01,"Espanol","most",37,"Yes","4","both8","native","span","mostlive","SpanSpan","no","Male"
"513","19","es","zanahoria","food","21","enorme","size",0.03,"Espanol","most",37,"Yes","4","both8","native","span","mostlive","SpanSpan","no","Male"
"514","19","no es","televisi&oacute;n ","furniture","22","corto","size",0.02,"Espanol","most",37,"Yes","4","both8","native","span","mostlive","SpanSpan","no","Male"
"515","19","no es","silla","furniture","23","grande","size",0,"Espanol","most",37,"Yes","4","both8","native","span","mostlive","SpanSpan","no","Male"
"516","19","es","queso","food","24","redondo","shape",0.02,"Espanol","most",37,"Yes","4","both8","native","span","mostlive","SpanSpan","no","Male"
"517","19","no es","pl&aacute;tano","food","25","rojo","color",0.02,"Espanol","most",37,"Yes","4","both8","native","span","mostlive","SpanSpan","no","Male"
"518","19","es","sof&aacute; ","furniture","26","morado","color",0.02,"Espanol","most",37,"Yes","4","both8","native","span","mostlive","SpanSpan","no","Male"
"519","19","no es","ventilador","furniture","27","suave","texture",0.04,"Espanol","most",37,"Yes","4","both8","native","span","mostlive","SpanSpan","no","Male"
"520","19","es","zanahoria","food","28","nuevo","age",0.02,"Espanol","most",37,"Yes","4","both8","native","span","mostlive","SpanSpan","no","Male"
"547","21","no es","queso","food","3","largo","size",1,"Español","most",35,"Yes","4","both8","native","span","mostlive","SpanSpan","yes","Female"
"548","21","no es","sof&aacute; ","furniture","4","peque&ntilde;o","size",0.52,"Español","most",35,"Yes","4","both8","native","span","mostlive","SpanSpan","yes","Female"
"549","21","es","ventilador","furniture","5","rojo","color",0.05,"Español","most",35,"Yes","4","both8","native","span","mostlive","SpanSpan","yes","Female"
"550","21","no es","escritorio","furniture","6","marr&oacute;n","color",0,"Español","most",35,"Yes","4","both8","native","span","mostlive","SpanSpan","yes","Female"
"551","21","es","zanahoria","food","7","azul","color",0,"Español","most",35,"Yes","4","both8","native","span","mostlive","SpanSpan","yes","Female"
"552","21","es","ventilador","furniture","8","amarillo","color",0,"Español","most",35,"Yes","4","both8","native","span","mostlive","SpanSpan","yes","Female"
"553","21","es","televisi&oacute;n ","furniture","9","mexicano","nationality",0.19,"Español","most",35,"Yes","4","both8","native","span","mostlive","SpanSpan","yes","Female"
"554","21","es","zanahoria","food","10","verde","color",0.15,"Español","most",35,"Yes","4","both8","native","span","mostlive","SpanSpan","yes","Female"
"555","21","est&aacute;","escritorio","furniture","11","podrido","age",0.79,"Español","most",35,"Yes","4","both8","native","span","mostlive","SpanSpan","yes","Female"
"556","21","es","queso","food","12","viejo","age",0.85,"Español","most",35,"Yes","4","both8","native","span","mostlive","SpanSpan","yes","Female"
"557","21","es","ventilador","furniture","13","malo","quality",0,"Español","most",35,"Yes","4","both8","native","span","mostlive","SpanSpan","yes","Female"
"558","21","es","silla","furniture","14","cuadrado","shape",0.92,"Español","most",35,"Yes","4","both8","native","span","mostlive","SpanSpan","yes","Female"
"559","21","no es","escritorio","furniture","15","enorme","size",0.52,"Español","most",35,"Yes","4","both8","native","span","mostlive","SpanSpan","yes","Female"
"560","21","no es","televisi&oacute;n ","furniture","16","grande","size",0.72,"Español","most",35,"Yes","4","both8","native","span","mostlive","SpanSpan","yes","Female"
"561","21","no es","manzana","food","17","corto","size",0,"Español","most",35,"Yes","4","both8","native","span","mostlive","SpanSpan","yes","Female"
"562","21","es","tomate","food","18","suave","texture",0.85,"Español","most",35,"Yes","4","both8","native","span","mostlive","SpanSpan","yes","Female"
"563","21","no es","silla","furniture","19","min&uacute;sculo","size",0.48,"Español","most",35,"Yes","4","both8","native","span","mostlive","SpanSpan","yes","Female"
"564","21","no es","queso","food","20","bueno","quality",0.7,"Español","most",35,"Yes","4","both8","native","span","mostlive","SpanSpan","yes","Female"
"565","21","es","manzana","food","21","americano","nationality",0.38,"Español","most",35,"Yes","4","both8","native","span","mostlive","SpanSpan","yes","Female"
"566","21","es","queso","food","22","nuevo","age",0.82,"Español","most",35,"Yes","4","both8","native","span","mostlive","SpanSpan","yes","Female"
"567","21","es","queso","food","23","fresco","age",0.72,"Español","most",35,"Yes","4","both8","native","span","mostlive","SpanSpan","yes","Female"
"568","21","no es","silla","furniture","24","duro","texture",0.72,"Español","most",35,"Yes","4","both8","native","span","mostlive","SpanSpan","yes","Female"
"569","21","no es","televisi&oacute;n ","furniture","25","redondo","shape",0.46,"Español","most",35,"Yes","4","both8","native","span","mostlive","SpanSpan","yes","Female"
"570","21","no es","pl&aacute;tano","food","26","morado","color",0.09,"Español","most",35,"Yes","4","both8","native","span","mostlive","SpanSpan","yes","Female"
"571","21","no es","tomate","food","27","espa&ntilde;ol","nationality",0.25,"Español","most",35,"Yes","4","both8","native","span","mostlive","SpanSpan","yes","Female"
"572","21","no es","tomate","food","28","liso","texture",0.19,"Español","most",35,"Yes","4","both8","native","span","mostlive","SpanSpan","yes","Female"
"807","31","no es","zanahoria","food","3","viejo","age",0.13,"Español","none",25,"Yes","2","both8","native","span","mostlive","SpanSpan","no","Male"
"808","31","no es","tomate","food","4","largo","size",0,"Español","none",25,"Yes","2","both8","native","span","mostlive","SpanSpan","no","Male"
"809","31","es","televisi&oacute;n ","furniture","5","cuadrado","shape",0,"Español","none",25,"Yes","2","both8","native","span","mostlive","SpanSpan","no","Male"
"810","31","es","zanahoria","food","6","peque&ntilde;o","size",1,"Español","none",25,"Yes","2","both8","native","span","mostlive","SpanSpan","no","Male"
"811","31","no es","ventilador","furniture","7","grande","size",0.98,"Español","none",25,"Yes","2","both8","native","span","mostlive","SpanSpan","no","Male"
"812","31","no es","pl&aacute;tano","food","8","nuevo","age",0.18,"Español","none",25,"Yes","2","both8","native","span","mostlive","SpanSpan","no","Male"
"813","31","es","televisi&oacute;n ","furniture","9","mexicano","nationality",1,"Español","none",25,"Yes","2","both8","native","span","mostlive","SpanSpan","no","Male"
"814","31","no es","manzana","food","10","americano","nationality",0.09,"Español","none",25,"Yes","2","both8","native","span","mostlive","SpanSpan","no","Male"
"815","31","es","televisi&oacute;n ","furniture","11","rojo","color",0,"Español","none",25,"Yes","2","both8","native","span","mostlive","SpanSpan","no","Male"
"816","31","es","silla","furniture","12","min&uacute;sculo","size",0.83,"Español","none",25,"Yes","2","both8","native","span","mostlive","SpanSpan","no","Male"
"817","31","no es","pl&aacute;tano","food","13","morado","color",0,"Español","none",25,"Yes","2","both8","native","span","mostlive","SpanSpan","no","Male"
"818","31","no es","ventilador","furniture","14","bueno","quality",1,"Español","none",25,"Yes","2","both8","native","span","mostlive","SpanSpan","no","Male"
"819","31","no es","manzana","food","15","corto","size",0.83,"Español","none",25,"Yes","2","both8","native","span","mostlive","SpanSpan","no","Male"
"820","31","es","pl&aacute;tano","food","16","azul","color",0,"Español","none",25,"Yes","2","both8","native","span","mostlive","SpanSpan","no","Male"
"821","31","es","tomate","food","17","suave","texture",1,"Español","none",25,"Yes","2","both8","native","span","mostlive","SpanSpan","no","Male"
"822","31","es","manzana","food","18","malo","quality",0.93,"Español","none",25,"Yes","2","both8","native","span","mostlive","SpanSpan","no","Male"
"823","31","es","silla","furniture","19","verde","color",0,"Español","none",25,"Yes","2","both8","native","span","mostlive","SpanSpan","no","Male"
"824","31","es","pl&aacute;tano","food","20","marr&oacute;n","color",0,"Español","none",25,"Yes","2","both8","native","span","mostlive","SpanSpan","no","Male"
"825","31","est&aacute;","sof&aacute; ","furniture","21","podrido","age",0.75,"Español","none",25,"Yes","2","both8","native","span","mostlive","SpanSpan","no","Male"
"826","31","es","escritorio","furniture","22","liso","texture",0.77,"Español","none",25,"Yes","2","both8","native","span","mostlive","SpanSpan","no","Male"
"827","31","es","sof&aacute; ","furniture","23","enorme","size",0.85,"Español","none",25,"Yes","2","both8","native","span","mostlive","SpanSpan","no","Male"
"828","31","no es","tomate","food","24","duro","texture",0.89,"Español","none",25,"Yes","2","both8","native","span","mostlive","SpanSpan","no","Male"
"829","31","no es","escritorio","furniture","25","redondo","shape",0,"Español","none",25,"Yes","2","both8","native","span","mostlive","SpanSpan","no","Male"
"830","31","es","televisi&oacute;n ","furniture","26","fresco","age",0.09,"Español","none",25,"Yes","2","both8","native","span","mostlive","SpanSpan","no","Male"
"831","31","es","pl&aacute;tano","food","27","amarillo","color",0,"Español","none",25,"Yes","2","both8","native","span","mostlive","SpanSpan","no","Male"
"832","31","no es","zanahoria","food","28","espa&ntilde;ol","nationality",0.99,"Español","none",25,"Yes","2","both8","native","span","mostlive","SpanSpan","no","Male"
"911","35","no es","silla","furniture","3","redondo","shape",0.95,"Español","none",26,"Yes","3","both8","native","span","mostlive","SpanSpan","no","Female"
"912","35","no es","tomate","food","4","viejo","age",0.02,"Español","none",26,"Yes","3","both8","native","span","mostlive","SpanSpan","no","Female"
"913","35","no es","sof&aacute; ","furniture","5","peque&ntilde;o","size",0.97,"Español","none",26,"Yes","3","both8","native","span","mostlive","SpanSpan","no","Female"
"914","35","es","queso","food","6","grande","size",0.97,"Español","none",26,"Yes","3","both8","native","span","mostlive","SpanSpan","no","Female"
"915","35","es","manzana","food","7","azul","color",0,"Español","none",26,"Yes","3","both8","native","span","mostlive","SpanSpan","no","Female"
"916","35","es","pl&aacute;tano","food","8","liso","texture",0.04,"Español","none",26,"Yes","3","both8","native","span","mostlive","SpanSpan","no","Female"
"917","35","es","queso","food","9","corto","size",0.97,"Español","none",26,"Yes","3","both8","native","span","mostlive","SpanSpan","no","Female"
"918","35","es","pl&aacute;tano","food","10","min&uacute;sculo","size",0.99,"Español","none",26,"Yes","3","both8","native","span","mostlive","SpanSpan","no","Female"
"919","35","es","sof&aacute; ","furniture","11","enorme","size",0.98,"Español","none",26,"Yes","3","both8","native","span","mostlive","SpanSpan","no","Female"
"920","35","no es","ventilador","furniture","12","mexicano","nationality",0.02,"Español","none",26,"Yes","3","both8","native","span","mostlive","SpanSpan","no","Female"
"921","35","no es","zanahoria","food","13","malo","quality",0.97,"Español","none",26,"Yes","3","both8","native","span","mostlive","SpanSpan","no","Female"
"922","35","no es","televisi&oacute;n ","furniture","14","duro","texture",0.02,"Español","none",26,"Yes","3","both8","native","span","mostlive","SpanSpan","no","Female"
"923","35","no es","televisi&oacute;n ","furniture","15","cuadrado","shape",0.98,"Español","none",26,"Yes","3","both8","native","span","mostlive","SpanSpan","no","Female"
"924","35","no es","manzana","food","16","amarillo","color",0.04,"Español","none",26,"Yes","3","both8","native","span","mostlive","SpanSpan","no","Female"
"925","35","no es","manzana","food","17","americano","nationality",0,"Español","none",26,"Yes","3","both8","native","span","mostlive","SpanSpan","no","Female"
"926","35","es","queso","food","18","rojo","color",0.02,"Español","none",26,"Yes","3","both8","native","span","mostlive","SpanSpan","no","Female"
"927","35","es","escritorio","furniture","19","bueno","quality",0.97,"Español","none",26,"Yes","3","both8","native","span","mostlive","SpanSpan","no","Female"
"928","35","es","escritorio","furniture","20","espa&ntilde;ol","nationality",0,"Español","none",26,"Yes","3","both8","native","span","mostlive","SpanSpan","no","Female"
"929","35","es","zanahoria","food","21","morado","color",0.01,"Español","none",26,"Yes","3","both8","native","span","mostlive","SpanSpan","no","Female"
"930","35","no est&aacute;","zanahoria","food","22","podrido","age",0.97,"Español","none",26,"Yes","3","both8","native","span","mostlive","SpanSpan","no","Female"
"931","35","es","queso","food","23","marr&oacute;n","color",0.02,"Español","none",26,"Yes","3","both8","native","span","mostlive","SpanSpan","no","Female"
"932","35","es","escritorio","furniture","24","suave","texture",0.96,"Español","none",26,"Yes","3","both8","native","span","mostlive","SpanSpan","no","Female"
"933","35","no es","escritorio","furniture","25","verde","color",0.02,"Español","none",26,"Yes","3","both8","native","span","mostlive","SpanSpan","no","Female"
"934","35","es","queso","food","26","nuevo","age",0.98,"Español","none",26,"Yes","3","both8","native","span","mostlive","SpanSpan","no","Female"
"935","35","no es","ventilador","furniture","27","fresco","age",0.98,"Español","none",26,"Yes","3","both8","native","span","mostlive","SpanSpan","no","Female"
"936","35","no es","escritorio","furniture","28","largo","size",0.94,"Español","none",26,"Yes","3","both8","native","span","mostlive","SpanSpan","no","Female"
"989","38","no es","pl&aacute;tano","food","3","viejo","age",0,"Espanol","small",42,"Yes","2","both8","native","span","mostlive","SpanSpan","noclasses","Male"
"990","38","es","queso","food","4","azul","color",0.04,"Espanol","small",42,"Yes","2","both8","native","span","mostlive","SpanSpan","noclasses","Male"
"991","38","no es","escritorio","furniture","5","enorme","size",0,"Espanol","small",42,"Yes","2","both8","native","span","mostlive","SpanSpan","noclasses","Male"
"992","38","no es","televisi&oacute;n ","furniture","6","min&uacute;sculo","size",0.03,"Espanol","small",42,"Yes","2","both8","native","span","mostlive","SpanSpan","noclasses","Male"
"993","38","no es","zanahoria","food","7","americano","nationality",0.94,"Espanol","small",42,"Yes","2","both8","native","span","mostlive","SpanSpan","noclasses","Male"
"994","38","no es","pl&aacute;tano","food","8","bueno","quality",0.02,"Espanol","small",42,"Yes","2","both8","native","span","mostlive","SpanSpan","noclasses","Male"
"995","38","es","manzana","food","9","grande","size",0.01,"Espanol","small",42,"Yes","2","both8","native","span","mostlive","SpanSpan","noclasses","Male"
"996","38","es","ventilador","furniture","10","redondo","shape",0.97,"Espanol","small",42,"Yes","2","both8","native","span","mostlive","SpanSpan","noclasses","Male"
"997","38","no es","televisi&oacute;n ","furniture","11","suave","texture",0.04,"Espanol","small",42,"Yes","2","both8","native","span","mostlive","SpanSpan","noclasses","Male"
"998","38","es","queso","food","12","espa&ntilde;ol","nationality",0.98,"Espanol","small",42,"Yes","2","both8","native","span","mostlive","SpanSpan","noclasses","Male"
"999","38","es","televisi&oacute;n ","furniture","13","nuevo","age",0.03,"Espanol","small",42,"Yes","2","both8","native","span","mostlive","SpanSpan","noclasses","Male"
"1000","38","no es","manzana","food","14","verde","color",0.01,"Espanol","small",42,"Yes","2","both8","native","span","mostlive","SpanSpan","noclasses","Male"
"1001","38","no es","ventilador","furniture","15","morado","color",0.02,"Espanol","small",42,"Yes","2","both8","native","span","mostlive","SpanSpan","noclasses","Male"
"1002","38","no es","manzana","food","16","corto","size",0,"Espanol","small",42,"Yes","2","both8","native","span","mostlive","SpanSpan","noclasses","Male"
"1003","38","es","silla","furniture","17","cuadrado","shape",0.03,"Espanol","small",42,"Yes","2","both8","native","span","mostlive","SpanSpan","noclasses","Male"
"1004","38","es","zanahoria","food","18","duro","texture",0.04,"Espanol","small",42,"Yes","2","both8","native","span","mostlive","SpanSpan","noclasses","Male"
"1005","38","es","silla","furniture","19","rojo","color",0.97,"Espanol","small",42,"Yes","2","both8","native","span","mostlive","SpanSpan","noclasses","Male"
"1006","38","es","silla","furniture","20","fresco","age",0.04,"Espanol","small",42,"Yes","2","both8","native","span","mostlive","SpanSpan","noclasses","Male"
"1007","38","es","queso","food","21","amarillo","color",0.06,"Espanol","small",42,"Yes","2","both8","native","span","mostlive","SpanSpan","noclasses","Male"
"1008","38","es","pl&aacute;tano","food","22","liso","texture",0.92,"Espanol","small",42,"Yes","2","both8","native","span","mostlive","SpanSpan","noclasses","Male"
"1009","38","es","pl&aacute;tano","food","23","peque&ntilde;o","size",0.04,"Espanol","small",42,"Yes","2","both8","native","span","mostlive","SpanSpan","noclasses","Male"
"1010","38","no es","manzana","food","24","malo","quality",0.93,"Espanol","small",42,"Yes","2","both8","native","span","mostlive","SpanSpan","noclasses","Male"
"1011","38","no es","zanahoria","food","25","marr&oacute;n","color",0.07,"Espanol","small",42,"Yes","2","both8","native","span","mostlive","SpanSpan","noclasses","Male"
"1012","38","es","manzana","food","26","largo","size",0.02,"Espanol","small",42,"Yes","2","both8","native","span","mostlive","SpanSpan","noclasses","Male"
"1013","38","no es","sof&aacute; ","furniture","27","mexicano","nationality",0,"Espanol","small",42,"Yes","2","both8","native","span","mostlive","SpanSpan","noclasses","Male"
"1014","38","est&aacute;","sof&aacute; ","furniture","28","podrido","age",0.01,"Espanol","small",42,"Yes","2","both8","native","span","mostlive","SpanSpan","noclasses","Male"
"1041","40","es","televisi&oacute;n ","furniture","3","duro","texture",0,"Español","most",39,"Yes","4","both8","native","spaneng","mostlive","SpanSpan","yes","Male"
"1042","40","no es","ventilador","furniture","4","peque&ntilde;o","size",0,"Español","most",39,"Yes","4","both8","native","spaneng","mostlive","SpanSpan","yes","Male"
"1043","40","es","tomate","food","5","min&uacute;sculo","size",1,"Español","most",39,"Yes","4","both8","native","spaneng","mostlive","SpanSpan","yes","Male"
"1044","40","es","tomate","food","6","suave","texture",1,"Español","most",39,"Yes","4","both8","native","spaneng","mostlive","SpanSpan","yes","Male"
"1045","40","no es","ventilador","furniture","7","fresco","age",1,"Español","most",39,"Yes","4","both8","native","spaneng","mostlive","SpanSpan","yes","Male"
"1046","40","no es","televisi&oacute;n ","furniture","8","marr&oacute;n","color",0,"Español","most",39,"Yes","4","both8","native","spaneng","mostlive","SpanSpan","yes","Male"
"1047","40","no es","escritorio","furniture","9","cuadrado","shape",0,"Español","most",39,"Yes","4","both8","native","spaneng","mostlive","SpanSpan","yes","Male"
"1048","40","no es","queso","food","10","americano","nationality",1,"Español","most",39,"Yes","4","both8","native","spaneng","mostlive","SpanSpan","yes","Male"
"1049","40","es","manzana","food","11","liso","texture",0,"Español","most",39,"Yes","4","both8","native","spaneng","mostlive","SpanSpan","yes","Male"
"1050","40","es","manzana","food","12","nuevo","age",1,"Español","most",39,"Yes","4","both8","native","spaneng","mostlive","SpanSpan","yes","Male"
"1051","40","es","queso","food","13","viejo","age",1,"Español","most",39,"Yes","4","both8","native","spaneng","mostlive","SpanSpan","yes","Male"
"1052","40","no es","silla","furniture","14","largo","size",1,"Español","most",39,"Yes","4","both8","native","spaneng","mostlive","SpanSpan","yes","Male"
"1053","40","no es","televisi&oacute;n ","furniture","15","morado","color",0,"Español","most",39,"Yes","4","both8","native","spaneng","mostlive","SpanSpan","yes","Male"
"1054","40","est&aacute;","ventilador","furniture","16","podrido","age",1,"Español","most",39,"Yes","4","both8","native","spaneng","mostlive","SpanSpan","yes","Male"
"1055","40","no es","zanahoria","food","17","corto","size",1,"Español","most",39,"Yes","4","both8","native","spaneng","mostlive","SpanSpan","yes","Male"
"1056","40","no es","zanahoria","food","18","rojo","color",0,"Español","most",39,"Yes","4","both8","native","spaneng","mostlive","SpanSpan","yes","Male"
"1057","40","no es","escritorio","furniture","19","enorme","size",1,"Español","most",39,"Yes","4","both8","native","spaneng","mostlive","SpanSpan","yes","Male"
"1058","40","no es","televisi&oacute;n ","furniture","20","azul","color",0,"Español","most",39,"Yes","4","both8","native","spaneng","mostlive","SpanSpan","yes","Male"
"1059","40","es","pl&aacute;tano","food","21","verde","color",0,"Español","most",39,"Yes","4","both8","native","spaneng","mostlive","SpanSpan","yes","Male"
"1060","40","es","ventilador","furniture","22","amarillo","color",0,"Español","most",39,"Yes","4","both8","native","spaneng","mostlive","SpanSpan","yes","Male"
"1061","40","es","pl&aacute;tano","food","23","malo","quality",1,"Español","most",39,"Yes","4","both8","native","spaneng","mostlive","SpanSpan","yes","Male"
"1062","40","es","ventilador","furniture","24","grande","size",1,"Español","most",39,"Yes","4","both8","native","spaneng","mostlive","SpanSpan","yes","Male"
"1063","40","es","televisi&oacute;n ","furniture","25","bueno","quality",1,"Español","most",39,"Yes","4","both8","native","spaneng","mostlive","SpanSpan","yes","Male"
"1064","40","es","ventilador","furniture","26","redondo","shape",0,"Español","most",39,"Yes","4","both8","native","spaneng","mostlive","SpanSpan","yes","Male"
"1065","40","no es","escritorio","furniture","27","mexicano","nationality",0,"Español","most",39,"Yes","4","both8","native","spaneng","mostlive","SpanSpan","yes","Male"
"1066","40","es","tomate","food","28","espa&ntilde;ol","nationality",0,"Español","most",39,"Yes","4","both8","native","spaneng","mostlive","SpanSpan","yes","Male"
"1275","49","es","zanahoria","food","3","malo","quality",0.75,"Español","most",38,"Yes","4","both8","native","span","mostlive","SpanSpan","yes","Female"
"1276","49","no es","zanahoria","food","4","mexicano","nationality",0.05,"Español","most",38,"Yes","4","both8","native","span","mostlive","SpanSpan","yes","Female"
"1277","49","no es","queso","food","5","suave","texture",0.1,"Español","most",38,"Yes","4","both8","native","span","mostlive","SpanSpan","yes","Female"
"1278","49","es","silla","furniture","6","rojo","color",0.27,"Español","most",38,"Yes","4","both8","native","span","mostlive","SpanSpan","yes","Female"
"1279","49","es","televisi&oacute;n ","furniture","7","fresco","age",0.83,"Español","most",38,"Yes","4","both8","native","span","mostlive","SpanSpan","yes","Female"
"1280","49","no es","sof&aacute; ","furniture","8","enorme","size",0.84,"Español","most",38,"Yes","4","both8","native","span","mostlive","SpanSpan","yes","Female"
"1281","49","es","queso","food","9","verde","color",0.51,"Español","most",38,"Yes","4","both8","native","span","mostlive","SpanSpan","yes","Female"
"1282","49","no es","tomate","food","10","americano","nationality",0.38,"Español","most",38,"Yes","4","both8","native","span","mostlive","SpanSpan","yes","Female"
"1283","49","es","zanahoria","food","11","largo","size",0.89,"Español","most",38,"Yes","4","both8","native","span","mostlive","SpanSpan","yes","Female"
"1284","49","es","sof&aacute; ","furniture","12","morado","color",0.15,"Español","most",38,"Yes","4","both8","native","span","mostlive","SpanSpan","yes","Female"
"1285","49","no es","televisi&oacute;n ","furniture","13","marr&oacute;n","color",0.24,"Español","most",38,"Yes","4","both8","native","span","mostlive","SpanSpan","yes","Female"
"1286","49","es","televisi&oacute;n ","furniture","14","viejo","age",0.24,"Español","most",38,"Yes","4","both8","native","span","mostlive","SpanSpan","yes","Female"
"1287","49","no es","sof&aacute; ","furniture","15","redondo","shape",0.09,"Español","most",38,"Yes","4","both8","native","span","mostlive","SpanSpan","yes","Female"
"1288","49","no es","queso","food","16","liso","texture",0.55,"Español","most",38,"Yes","4","both8","native","span","mostlive","SpanSpan","yes","Female"
"1289","49","es","queso","food","17","azul","color",0.41,"Español","most",38,"Yes","4","both8","native","span","mostlive","SpanSpan","yes","Female"
"1290","49","no est&aacute;","ventilador","furniture","18","podrido","age",0,"Español","most",38,"Yes","4","both8","native","span","mostlive","SpanSpan","yes","Female"
"1291","49","es","tomate","food","19","cuadrado","shape",0.01,"Español","most",38,"Yes","4","both8","native","span","mostlive","SpanSpan","yes","Female"
"1292","49","no es","escritorio","furniture","20","corto","size",0.74,"Español","most",38,"Yes","4","both8","native","span","mostlive","SpanSpan","yes","Female"
"1293","49","no es","manzana","food","21","bueno","quality",0.79,"Español","most",38,"Yes","4","both8","native","span","mostlive","SpanSpan","yes","Female"
"1294","49","es","silla","furniture","22","peque&ntilde;o","size",0.78,"Español","most",38,"Yes","4","both8","native","span","mostlive","SpanSpan","yes","Female"
"1295","49","es","ventilador","furniture","23","grande","size",0.76,"Español","most",38,"Yes","4","both8","native","span","mostlive","SpanSpan","yes","Female"
"1296","49","no es","manzana","food","24","nuevo","age",0.01,"Español","most",38,"Yes","4","both8","native","span","mostlive","SpanSpan","yes","Female"
"1297","49","es","manzana","food","25","amarillo","color",0.11,"Español","most",38,"Yes","4","both8","native","span","mostlive","SpanSpan","yes","Female"
"1298","49","no es","tomate","food","26","espa&ntilde;ol","nationality",0.55,"Español","most",38,"Yes","4","both8","native","span","mostlive","SpanSpan","yes","Female"
"1299","49","no es","escritorio","furniture","27","min&uacute;sculo","size",0.17,"Español","most",38,"Yes","4","both8","native","span","mostlive","SpanSpan","yes","Female"
"1300","49","no es","ventilador","furniture","28","duro","texture",0.21,"Español","most",38,"Yes","4","both8","native","span","mostlive","SpanSpan","yes","Female"
"1301","50","no es","pl&aacute;tano","food","3","americano","nationality",0,"español","small",29,"Yes","3","both8","native","spaneng","mostlive","SpanSpan","yes","Female"
"1302","50","es","zanahoria","food","4","verde","color",0.01,"español","small",29,"Yes","3","both8","native","spaneng","mostlive","SpanSpan","yes","Female"
"1303","50","no es","ventilador","furniture","5","grande","size",0.57,"español","small",29,"Yes","3","both8","native","spaneng","mostlive","SpanSpan","yes","Female"
"1304","50","es","escritorio","furniture","6","largo","size",0.54,"español","small",29,"Yes","3","both8","native","spaneng","mostlive","SpanSpan","yes","Female"
"1305","50","no es","televisi&oacute;n ","furniture","7","peque&ntilde;o","size",0.74,"español","small",29,"Yes","3","both8","native","spaneng","mostlive","SpanSpan","yes","Female"
"1306","50","es","pl&aacute;tano","food","8","bueno","quality",0.94,"español","small",29,"Yes","3","both8","native","spaneng","mostlive","SpanSpan","yes","Female"
"1307","50","es","zanahoria","food","9","marr&oacute;n","color",0.03,"español","small",29,"Yes","3","both8","native","spaneng","mostlive","SpanSpan","yes","Female"
"1308","50","es","ventilador","furniture","10","azul","color",0.16,"español","small",29,"Yes","3","both8","native","spaneng","mostlive","SpanSpan","yes","Female"
"1309","50","no es","zanahoria","food","11","cuadrado","shape",0.03,"español","small",29,"Yes","3","both8","native","spaneng","mostlive","SpanSpan","yes","Female"
"1310","50","no es","ventilador","furniture","12","nuevo","age",0.98,"español","small",29,"Yes","3","both8","native","spaneng","mostlive","SpanSpan","yes","Female"
"1311","50","es","escritorio","furniture","13","amarillo","color",0.35,"español","small",29,"Yes","3","both8","native","spaneng","mostlive","SpanSpan","yes","Female"
"1312","50","es","manzana","food","14","liso","texture",0.75,"español","small",29,"Yes","3","both8","native","spaneng","mostlive","SpanSpan","yes","Female"
"1313","50","no es","manzana","food","15","fresco","age",0.98,"español","small",29,"Yes","3","both8","native","spaneng","mostlive","SpanSpan","yes","Female"
"1314","50","es","pl&aacute;tano","food","16","suave","texture",0.45,"español","small",29,"Yes","3","both8","native","spaneng","mostlive","SpanSpan","yes","Female"
"1315","50","es","queso","food","17","viejo","age",0.82,"español","small",29,"Yes","3","both8","native","spaneng","mostlive","SpanSpan","yes","Female"
"1316","50","no es","televisi&oacute;n ","furniture","18","duro","texture",0.22,"español","small",29,"Yes","3","both8","native","spaneng","mostlive","SpanSpan","yes","Female"
"1317","50","es","televisi&oacute;n ","furniture","19","morado","color",0.39,"español","small",29,"Yes","3","both8","native","spaneng","mostlive","SpanSpan","yes","Female"
"1318","50","es","pl&aacute;tano","food","20","min&uacute;sculo","size",0.5,"español","small",29,"Yes","3","both8","native","spaneng","mostlive","SpanSpan","yes","Female"
"1319","50","es","ventilador","furniture","21","malo","quality",0.5,"español","small",29,"Yes","3","both8","native","spaneng","mostlive","SpanSpan","yes","Female"
"1320","50","es","ventilador","furniture","22","enorme","size",0.69,"español","small",29,"Yes","3","both8","native","spaneng","mostlive","SpanSpan","yes","Female"
"1321","50","es","escritorio","furniture","23","mexicano","nationality",0.08,"español","small",29,"Yes","3","both8","native","spaneng","mostlive","SpanSpan","yes","Female"
"1322","50","no es","televisi&oacute;n ","furniture","24","corto","size",0.49,"español","small",29,"Yes","3","both8","native","spaneng","mostlive","SpanSpan","yes","Female"
"1323","50","est&aacute;","pl&aacute;tano","food","25","podrido","age",0.93,"español","small",29,"Yes","3","both8","native","spaneng","mostlive","SpanSpan","yes","Female"
"1324","50","es","pl&aacute;tano","food","26","rojo","color",0.07,"español","small",29,"Yes","3","both8","native","spaneng","mostlive","SpanSpan","yes","Female"
"1325","50","es","silla","furniture","27","redondo","shape",0.45,"español","small",29,"Yes","3","both8","native","spaneng","mostlive","SpanSpan","yes","Female"
"1326","50","no es","sof&aacute; ","furniture","28","espa&ntilde;ol","nationality",0.22,"español","small",29,"Yes","3","both8","native","spaneng","mostlive","SpanSpan","yes","Female"
"1431","55","est&aacute;","queso","food","3","podrido","age",0.16,"español","small",27,"Yes","0","both8","native","span","mostlive","SpanSpan","yes","Female"
"1432","55","no es","queso","food","4","malo","quality",0.8,"español","small",27,"Yes","0","both8","native","span","mostlive","SpanSpan","yes","Female"
"1433","55","es","queso","food","5","peque&ntilde;o","size",0.21,"español","small",27,"Yes","0","both8","native","span","mostlive","SpanSpan","yes","Female"
"1434","55","no es","tomate","food","6","corto","size",0.16,"español","small",27,"Yes","0","both8","native","span","mostlive","SpanSpan","yes","Female"
"1435","55","es","ventilador","furniture","7","duro","texture",0.93,"español","small",27,"Yes","0","both8","native","span","mostlive","SpanSpan","yes","Female"
"1436","55","no es","pl&aacute;tano","food","8","min&uacute;sculo","size",0.87,"español","small",27,"Yes","0","both8","native","span","mostlive","SpanSpan","yes","Female"
"1437","55","es","tomate","food","9","verde","color",0.35,"español","small",27,"Yes","0","both8","native","span","mostlive","SpanSpan","yes","Female"
"1438","55","no es","zanahoria","food","10","suave","texture",0.21,"español","small",27,"Yes","0","both8","native","span","mostlive","SpanSpan","yes","Female"
"1439","55","no es","ventilador","furniture","11","rojo","color",0.9,"español","small",27,"Yes","0","both8","native","span","mostlive","SpanSpan","yes","Female"
"1440","55","es","manzana","food","12","azul","color",0.75,"español","small",27,"Yes","0","both8","native","span","mostlive","SpanSpan","yes","Female"
"1441","55","no es","sof&aacute; ","furniture","13","nuevo","age",0.74,"español","small",27,"Yes","0","both8","native","span","mostlive","SpanSpan","yes","Female"
"1442","55","no es","queso","food","14","largo","size",0.25,"español","small",27,"Yes","0","both8","native","span","mostlive","SpanSpan","yes","Female"
"1443","55","es","manzana","food","15","redondo","shape",0.19,"español","small",27,"Yes","0","both8","native","span","mostlive","SpanSpan","yes","Female"
"1444","55","no es","silla","furniture","16","fresco","age",0.94,"español","small",27,"Yes","0","both8","native","span","mostlive","SpanSpan","yes","Female"
"1445","55","no es","pl&aacute;tano","food","17","grande","size",0.22,"español","small",27,"Yes","0","both8","native","span","mostlive","SpanSpan","yes","Female"
"1446","55","no es","silla","furniture","18","marr&oacute;n","color",0.15,"español","small",27,"Yes","0","both8","native","span","mostlive","SpanSpan","yes","Female"
"1447","55","es","escritorio","furniture","19","amarillo","color",0.12,"español","small",27,"Yes","0","both8","native","span","mostlive","SpanSpan","yes","Female"
"1448","55","es","escritorio","furniture","20","americano","nationality",0.18,"español","small",27,"Yes","0","both8","native","span","mostlive","SpanSpan","yes","Female"
"1449","55","no es","ventilador","furniture","21","viejo","age",0.2,"español","small",27,"Yes","0","both8","native","span","mostlive","SpanSpan","yes","Female"
"1450","55","no es","pl&aacute;tano","food","22","bueno","quality",0.23,"español","small",27,"Yes","0","both8","native","span","mostlive","SpanSpan","yes","Female"
"1451","55","no es","tomate","food","23","mexicano","nationality",0.29,"español","small",27,"Yes","0","both8","native","span","mostlive","SpanSpan","yes","Female"
"1452","55","no es","sof&aacute; ","furniture","24","morado","color",0.27,"español","small",27,"Yes","0","both8","native","span","mostlive","SpanSpan","yes","Female"
"1453","55","no es","manzana","food","25","liso","texture",0.23,"español","small",27,"Yes","0","both8","native","span","mostlive","SpanSpan","yes","Female"
"1454","55","no es","pl&aacute;tano","food","26","espa&ntilde;ol","nationality",0.18,"español","small",27,"Yes","0","both8","native","span","mostlive","SpanSpan","yes","Female"
"1455","55","es","televisi&oacute;n ","furniture","27","enorme","size",0.24,"español","small",27,"Yes","0","both8","native","span","mostlive","SpanSpan","yes","Female"
"1456","55","no es","manzana","food","28","cuadrado","shape",0.89,"español","small",27,"Yes","0","both8","native","span","mostlive","SpanSpan","yes","Female"
"1457","56","es","televisi&oacute;n ","furniture","3","bueno","quality",0.97,"ingles, español","most",27,"Yes","3","both8","none","span","midlive","SpanSpan","no","Male"
"1458","56","no es","televisi&oacute;n ","furniture","4","peque&ntilde;o","size",1,"ingles, español","most",27,"Yes","3","both8","none","span","midlive","SpanSpan","no","Male"
"1459","56","no es","queso","food","5","corto","size",0.95,"ingles, español","most",27,"Yes","3","both8","none","span","midlive","SpanSpan","no","Male"
"1460","56","es","queso","food","6","rojo","color",0.98,"ingles, español","most",27,"Yes","3","both8","none","span","midlive","SpanSpan","no","Male"
"1461","56","no es","queso","food","7","viejo","age",0.98,"ingles, español","most",27,"Yes","3","both8","none","span","midlive","SpanSpan","no","Male"
"1462","56","est&aacute;","silla","furniture","8","podrido","age",0.97,"ingles, español","most",27,"Yes","3","both8","none","span","midlive","SpanSpan","no","Male"
"1463","56","es","zanahoria","food","9","azul","color",0,"ingles, español","most",27,"Yes","3","both8","none","span","midlive","SpanSpan","no","Male"
"1464","56","no es","pl&aacute;tano","food","10","morado","color",0,"ingles, español","most",27,"Yes","3","both8","none","span","midlive","SpanSpan","no","Male"
"1465","56","no es","pl&aacute;tano","food","11","duro","texture",0,"ingles, español","most",27,"Yes","3","both8","none","span","midlive","SpanSpan","no","Male"
"1466","56","es","tomate","food","12","nuevo","age",0.99,"ingles, español","most",27,"Yes","3","both8","none","span","midlive","SpanSpan","no","Male"
"1467","56","no es","sof&aacute; ","furniture","13","suave","texture",0.97,"ingles, español","most",27,"Yes","3","both8","none","span","midlive","SpanSpan","no","Male"
"1468","56","no es","televisi&oacute;n ","furniture","14","americano","nationality",0.96,"ingles, español","most",27,"Yes","3","both8","none","span","midlive","SpanSpan","no","Male"
"1469","56","no es","tomate","food","15","fresco","age",0.99,"ingles, español","most",27,"Yes","3","both8","none","span","midlive","SpanSpan","no","Male"
"1470","56","no es","queso","food","16","malo","quality",0.98,"ingles, español","most",27,"Yes","3","both8","none","span","midlive","SpanSpan","no","Male"
"1471","56","es","escritorio","furniture","17","liso","texture",0.98,"ingles, español","most",27,"Yes","3","both8","none","span","midlive","SpanSpan","no","Male"
"1472","56","es","televisi&oacute;n ","furniture","18","cuadrado","shape",0,"ingles, español","most",27,"Yes","3","both8","none","span","midlive","SpanSpan","no","Male"
"1473","56","es","sof&aacute; ","furniture","19","min&uacute;sculo","size",1,"ingles, español","most",27,"Yes","3","both8","none","span","midlive","SpanSpan","no","Male"
"1474","56","no es","silla","furniture","20","verde","color",1,"ingles, español","most",27,"Yes","3","both8","none","span","midlive","SpanSpan","no","Male"
"1475","56","es","ventilador","furniture","21","marr&oacute;n","color",0,"ingles, español","most",27,"Yes","3","both8","none","span","midlive","SpanSpan","no","Male"
"1476","56","es","televisi&oacute;n ","furniture","22","grande","size",0.97,"ingles, español","most",27,"Yes","3","both8","none","span","midlive","SpanSpan","no","Male"
"1477","56","es","zanahoria","food","23","amarillo","color",0,"ingles, español","most",27,"Yes","3","both8","none","span","midlive","SpanSpan","no","Male"
"1478","56","es","manzana","food","24","largo","size",0,"ingles, español","most",27,"Yes","3","both8","none","span","midlive","SpanSpan","no","Male"
"1479","56","no es","sof&aacute; ","furniture","25","mexicano","nationality",0,"ingles, español","most",27,"Yes","3","both8","none","span","midlive","SpanSpan","no","Male"
"1480","56","no es","sof&aacute; ","furniture","26","espa&ntilde;ol","nationality",0,"ingles, español","most",27,"Yes","3","both8","none","span","midlive","SpanSpan","no","Male"
"1481","56","no es","escritorio","furniture","27","enorme","size",0.98,"ingles, español","most",27,"Yes","3","both8","none","span","midlive","SpanSpan","no","Male"
"1482","56","es","sof&aacute; ","furniture","28","redondo","shape",0.97,"ingles, español","most",27,"Yes","3","both8","none","span","midlive","SpanSpan","no","Male"
"1899","73","es","escritorio","furniture","3","corto","size",0.21,"Español","none",27,"Yes","3","both8","native","span","mostlive","SpanSpan","no","Male"
"1900","73","es","zanahoria","food","4","cuadrado","shape",0.05,"Español","none",27,"Yes","3","both8","native","span","mostlive","SpanSpan","no","Male"
"1901","73","es","silla","furniture","5","americano","nationality",0.04,"Español","none",27,"Yes","3","both8","native","span","mostlive","SpanSpan","no","Male"
"1902","73","no es","silla","furniture","6","malo","quality",0.83,"Español","none",27,"Yes","3","both8","native","span","mostlive","SpanSpan","no","Male"
"1903","73","no es","escritorio","furniture","7","viejo","age",0.48,"Español","none",27,"Yes","3","both8","native","span","mostlive","SpanSpan","no","Male"
"1904","73","es","queso","food","8","suave","texture",0.77,"Español","none",27,"Yes","3","both8","native","span","mostlive","SpanSpan","no","Male"
"1905","73","no es","queso","food","9","peque&ntilde;o","size",0.43,"Español","none",27,"Yes","3","both8","native","span","mostlive","SpanSpan","no","Male"
"1906","73","es","queso","food","10","fresco","age",0.82,"Español","none",27,"Yes","3","both8","native","span","mostlive","SpanSpan","no","Male"
"1907","73","es","tomate","food","11","marr&oacute;n","color",0.01,"Español","none",27,"Yes","3","both8","native","span","mostlive","SpanSpan","no","Male"
"1908","73","no es","escritorio","furniture","12","bueno","quality",0.82,"Español","none",27,"Yes","3","both8","native","span","mostlive","SpanSpan","no","Male"
"1909","73","es","escritorio","furniture","13","mexicano","nationality",0.08,"Español","none",27,"Yes","3","both8","native","span","mostlive","SpanSpan","no","Male"
"1910","73","es","manzana","food","14","min&uacute;sculo","size",0.1,"Español","none",27,"Yes","3","both8","native","span","mostlive","SpanSpan","no","Male"
"1911","73","es","sof&aacute; ","furniture","15","morado","color",0.04,"Español","none",27,"Yes","3","both8","native","span","mostlive","SpanSpan","no","Male"
"1912","73","no es","sof&aacute; ","furniture","16","duro","texture",0.82,"Español","none",27,"Yes","3","both8","native","span","mostlive","SpanSpan","no","Male"
"1913","73","no es","sof&aacute; ","furniture","17","rojo","color",0.04,"Español","none",27,"Yes","3","both8","native","span","mostlive","SpanSpan","no","Male"
"1914","73","es","zanahoria","food","18","redondo","shape",0.04,"Español","none",27,"Yes","3","both8","native","span","mostlive","SpanSpan","no","Male"
"1915","73","es","televisi&oacute;n ","furniture","19","nuevo","age",0.45,"Español","none",27,"Yes","3","both8","native","span","mostlive","SpanSpan","no","Male"
"1916","73","no es","televisi&oacute;n ","furniture","20","azul","color",0.05,"Español","none",27,"Yes","3","both8","native","span","mostlive","SpanSpan","no","Male"
"1917","73","est&aacute;","pl&aacute;tano","food","21","podrido","age",0.43,"Español","none",27,"Yes","3","both8","native","span","mostlive","SpanSpan","no","Male"
"1918","73","no es","queso","food","22","verde","color",0.12,"Español","none",27,"Yes","3","both8","native","span","mostlive","SpanSpan","no","Male"
"1919","73","no es","queso","food","23","espa&ntilde;ol","nationality",0.03,"Español","none",27,"Yes","3","both8","native","span","mostlive","SpanSpan","no","Male"
"1920","73","no es","sof&aacute; ","furniture","24","liso","texture",0.16,"Español","none",27,"Yes","3","both8","native","span","mostlive","SpanSpan","no","Male"
"1921","73","no es","silla","furniture","25","enorme","size",0.96,"Español","none",27,"Yes","3","both8","native","span","mostlive","SpanSpan","no","Male"
"1922","73","no es","zanahoria","food","26","largo","size",0.86,"Español","none",27,"Yes","3","both8","native","span","mostlive","SpanSpan","no","Male"
"1923","73","es","ventilador","furniture","27","amarillo","color",0.01,"Español","none",27,"Yes","3","both8","native","span","mostlive","SpanSpan","no","Male"
"1924","73","no es","sof&aacute; ","furniture","28","grande","size",0.88,"Español","none",27,"Yes","3","both8","native","span","mostlive","SpanSpan","no","Male"
"2081","80","no es","pl&aacute;tano","food","3","verde","color",0,"español","",46,"Yes","4","both8","advanced","span","","SpanSpan","","Male"
"2082","80","no es","zanahoria","food","4","viejo","age",0.02,"español","",46,"Yes","4","both8","advanced","span","","SpanSpan","","Male"
"2083","80","es","televisi&oacute;n ","furniture","5","espa&ntilde;ol","nationality",0.01,"español","",46,"Yes","4","both8","advanced","span","","SpanSpan","","Male"
"2084","80","est&aacute;","ventilador","furniture","6","podrido","age",0.08,"español","",46,"Yes","4","both8","advanced","span","","SpanSpan","","Male"
"2085","80","es","televisi&oacute;n ","furniture","7","min&uacute;sculo","size",0.07,"español","",46,"Yes","4","both8","advanced","span","","SpanSpan","","Male"
"2086","80","no es","manzana","food","8","largo","size",0.79,"español","",46,"Yes","4","both8","advanced","span","","SpanSpan","","Male"
"2087","80","es","sof&aacute; ","furniture","9","americano","nationality",0.06,"español","",46,"Yes","4","both8","advanced","span","","SpanSpan","","Male"
"2088","80","no es","televisi&oacute;n ","furniture","10","grande","size",0.09,"español","",46,"Yes","4","both8","advanced","span","","SpanSpan","","Male"
"2089","80","es","escritorio","furniture","11","nuevo","age",0.08,"español","",46,"Yes","4","both8","advanced","span","","SpanSpan","","Male"
"2090","80","no es","queso","food","12","mexicano","nationality",0.06,"español","",46,"Yes","4","both8","advanced","span","","SpanSpan","","Male"
"2091","80","es","zanahoria","food","13","peque&ntilde;o","size",0.09,"español","",46,"Yes","4","both8","advanced","span","","SpanSpan","","Male"
"2092","80","no es","pl&aacute;tano","food","14","azul","color",0.05,"español","",46,"Yes","4","both8","advanced","span","","SpanSpan","","Male"
"2093","80","no es","sof&aacute; ","furniture","15","cuadrado","shape",0.06,"español","",46,"Yes","4","both8","advanced","span","","SpanSpan","","Male"
"2094","80","no es","silla","furniture","16","malo","quality",0.07,"español","",46,"Yes","4","both8","advanced","span","","SpanSpan","","Male"
"2095","80","es","queso","food","17","marr&oacute;n","color",0.07,"español","",46,"Yes","4","both8","advanced","span","","SpanSpan","","Male"
"2096","80","no es","silla","furniture","18","amarillo","color",0.91,"español","",46,"Yes","4","both8","advanced","span","","SpanSpan","","Male"
"2097","80","es","pl&aacute;tano","food","19","enorme","size",0.19,"español","",46,"Yes","4","both8","advanced","span","","SpanSpan","","Male"
"2098","80","no es","queso","food","20","rojo","color",0.06,"español","",46,"Yes","4","both8","advanced","span","","SpanSpan","","Male"
"2099","80","es","pl&aacute;tano","food","21","duro","texture",0.26,"español","",46,"Yes","4","both8","advanced","span","","SpanSpan","","Male"
"2100","80","no es","escritorio","furniture","22","morado","color",0.03,"español","",46,"Yes","4","both8","advanced","span","","SpanSpan","","Male"
"2101","80","no es","tomate","food","23","suave","texture",0.95,"español","",46,"Yes","4","both8","advanced","span","","SpanSpan","","Male"
"2102","80","es","ventilador","furniture","24","fresco","age",0.77,"español","",46,"Yes","4","both8","advanced","span","","SpanSpan","","Male"
"2103","80","no es","queso","food","25","liso","texture",0.84,"español","",46,"Yes","4","both8","advanced","span","","SpanSpan","","Male"
"2104","80","es","tomate","food","26","corto","size",0.85,"español","",46,"Yes","4","both8","advanced","span","","SpanSpan","","Male"
"2105","80","es","silla","furniture","27","bueno","quality",0.05,"español","",46,"Yes","4","both8","advanced","span","","SpanSpan","","Male"
"2106","80","es","tomate","food","28","redondo","shape",0,"español","",46,"Yes","4","both8","advanced","span","","SpanSpan","","Male"
"2159","83","no es","manzana","food","3","amarillo","color",0.45,"Español","none",32,"Yes","3","both8","native","spaneng","mostlive","SpanSpan","noclasses","Male"
"2160","83","no es","escritorio","furniture","4","marr&oacute;n","color",1,"Español","none",32,"Yes","3","both8","native","spaneng","mostlive","SpanSpan","noclasses","Male"
"2161","83","es","televisi&oacute;n ","furniture","5","verde","color",0.19,"Español","none",32,"Yes","3","both8","native","spaneng","mostlive","SpanSpan","noclasses","Male"
"2162","83","es","tomate","food","6","cuadrado","shape",0,"Español","none",32,"Yes","3","both8","native","spaneng","mostlive","SpanSpan","noclasses","Male"
"2163","83","es","sof&aacute; ","furniture","7","redondo","shape",0.25,"Español","none",32,"Yes","3","both8","native","spaneng","mostlive","SpanSpan","noclasses","Male"
"2164","83","es","tomate","food","8","largo","size",0.22,"Español","none",32,"Yes","3","both8","native","spaneng","mostlive","SpanSpan","noclasses","Male"
"2165","83","es","sof&aacute; ","furniture","9","liso","texture",0.51,"Español","none",32,"Yes","3","both8","native","spaneng","mostlive","SpanSpan","noclasses","Male"
"2166","83","es","ventilador","furniture","10","bueno","quality",0.34,"Español","none",32,"Yes","3","both8","native","spaneng","mostlive","SpanSpan","noclasses","Male"
"2167","83","no es","queso","food","11","rojo","color",0,"Español","none",32,"Yes","3","both8","native","spaneng","mostlive","SpanSpan","noclasses","Male"
"2168","83","es","tomate","food","12","corto","size",0.28,"Español","none",32,"Yes","3","both8","native","spaneng","mostlive","SpanSpan","noclasses","Male"
"2169","83","no es","escritorio","furniture","13","espa&ntilde;ol","nationality",0,"Español","none",32,"Yes","3","both8","native","spaneng","mostlive","SpanSpan","noclasses","Male"
"2170","83","es","zanahoria","food","14","suave","texture",0.67,"Español","none",32,"Yes","3","both8","native","spaneng","mostlive","SpanSpan","noclasses","Male"
"2171","83","es","tomate","food","15","grande","size",0.51,"Español","none",32,"Yes","3","both8","native","spaneng","mostlive","SpanSpan","noclasses","Male"
"2172","83","es","queso","food","16","mexicano","nationality",0.07,"Español","none",32,"Yes","3","both8","native","spaneng","mostlive","SpanSpan","noclasses","Male"
"2173","83","no es","ventilador","furniture","17","americano","nationality",0.13,"Español","none",32,"Yes","3","both8","native","spaneng","mostlive","SpanSpan","noclasses","Male"
"2174","83","no es","tomate","food","18","fresco","age",0.07,"Español","none",32,"Yes","3","both8","native","spaneng","mostlive","SpanSpan","noclasses","Male"
"2175","83","no es","televisi&oacute;n ","furniture","19","malo","quality",0.52,"Español","none",32,"Yes","3","both8","native","spaneng","mostlive","SpanSpan","noclasses","Male"
"2176","83","no es","televisi&oacute;n ","furniture","20","nuevo","age",0.57,"Español","none",32,"Yes","3","both8","native","spaneng","mostlive","SpanSpan","noclasses","Male"
"2177","83","no es","zanahoria","food","21","min&uacute;sculo","size",0.08,"Español","none",32,"Yes","3","both8","native","spaneng","mostlive","SpanSpan","noclasses","Male"
"2178","83","no es","silla","furniture","22","enorme","size",0.15,"Español","none",32,"Yes","3","both8","native","spaneng","mostlive","SpanSpan","noclasses","Male"
"2179","83","no es","ventilador","furniture","23","viejo","age",0.25,"Español","none",32,"Yes","3","both8","native","spaneng","mostlive","SpanSpan","noclasses","Male"
"2180","83","no es","manzana","food","24","azul","color",0,"Español","none",32,"Yes","3","both8","native","spaneng","mostlive","SpanSpan","noclasses","Male"
"2181","83","no es","pl&aacute;tano","food","25","morado","color",0.06,"Español","none",32,"Yes","3","both8","native","spaneng","mostlive","SpanSpan","noclasses","Male"
"2182","83","es","escritorio","furniture","26","duro","texture",0.37,"Español","none",32,"Yes","3","both8","native","spaneng","mostlive","SpanSpan","noclasses","Male"
"2183","83","no est&aacute;","queso","food","27","podrido","age",0.46,"Español","none",32,"Yes","3","both8","native","spaneng","mostlive","SpanSpan","noclasses","Male"
"2184","83","no es","televisi&oacute;n ","furniture","28","peque&ntilde;o","size",0.26,"Español","none",32,"Yes","3","both8","native","spaneng","mostlive","SpanSpan","noclasses","Male"
"2185","84","no es","tomate","food","3","redondo","shape",0.97,"Espanol","none",43,"No","2","both8","native","spaneng","mostlive","SpanSpan","yes","Female"
"2186","84","es","ventilador","furniture","4","rojo","color",1,"Espanol","none",43,"No","2","both8","native","spaneng","mostlive","SpanSpan","yes","Female"
"2187","84","no es","silla","furniture","5","mexicano","nationality",0.05,"Espanol","none",43,"No","2","both8","native","spaneng","mostlive","SpanSpan","yes","Female"
"2188","84","es","tomate","food","6","cuadrado","shape",0.05,"Espanol","none",43,"No","2","both8","native","spaneng","mostlive","SpanSpan","yes","Female"
"2189","84","no es","pl&aacute;tano","food","7","nuevo","age",0.99,"Espanol","none",43,"No","2","both8","native","spaneng","mostlive","SpanSpan","yes","Female"
"2190","84","no es","silla","furniture","8","grande","size",0.01,"Espanol","none",43,"No","2","both8","native","spaneng","mostlive","SpanSpan","yes","Female"
"2191","84","es","escritorio","furniture","9","verde","color",0.04,"Espanol","none",43,"No","2","both8","native","spaneng","mostlive","SpanSpan","yes","Female"
"2192","84","no es","queso","food","10","corto","size",0.02,"Espanol","none",43,"No","2","both8","native","spaneng","mostlive","SpanSpan","yes","Female"
"2193","84","es","manzana","food","11","duro","texture",0.05,"Espanol","none",43,"No","2","both8","native","spaneng","mostlive","SpanSpan","yes","Female"
"2194","84","es","escritorio","furniture","12","espa&ntilde;ol","nationality",0.01,"Espanol","none",43,"No","2","both8","native","spaneng","mostlive","SpanSpan","yes","Female"
"2195","84","es","ventilador","furniture","13","marr&oacute;n","color",0.07,"Espanol","none",43,"No","2","both8","native","spaneng","mostlive","SpanSpan","yes","Female"
"2196","84","no es","escritorio","furniture","14","americano","nationality",0.02,"Espanol","none",43,"No","2","both8","native","spaneng","mostlive","SpanSpan","yes","Female"
"2197","84","no es","ventilador","furniture","15","malo","quality",0.94,"Espanol","none",43,"No","2","both8","native","spaneng","mostlive","SpanSpan","yes","Female"
"2198","84","no es","zanahoria","food","16","min&uacute;sculo","size",0.01,"Espanol","none",43,"No","2","both8","native","spaneng","mostlive","SpanSpan","yes","Female"
"2199","84","no es","ventilador","furniture","17","morado","color",0.04,"Espanol","none",43,"No","2","both8","native","spaneng","mostlive","SpanSpan","yes","Female"
"2200","84","no es","televisi&oacute;n ","furniture","18","fresco","age",0.03,"Espanol","none",43,"No","2","both8","native","spaneng","mostlive","SpanSpan","yes","Female"
"2201","84","es","escritorio","furniture","19","enorme","size",0.04,"Espanol","none",43,"No","2","both8","native","spaneng","mostlive","SpanSpan","yes","Female"
"2202","84","es","sof&aacute; ","furniture","20","bueno","quality",0.94,"Espanol","none",43,"No","2","both8","native","spaneng","mostlive","SpanSpan","yes","Female"
"2203","84","no es","tomate","food","21","suave","texture",0.01,"Espanol","none",43,"No","2","both8","native","spaneng","mostlive","SpanSpan","yes","Female"
"2204","84","no es","queso","food","22","azul","color",0.08,"Espanol","none",43,"No","2","both8","native","spaneng","mostlive","SpanSpan","yes","Female"
"2205","84","no es","tomate","food","23","liso","texture",0.01,"Espanol","none",43,"No","2","both8","native","spaneng","mostlive","SpanSpan","yes","Female"
"2206","84","no es","ventilador","furniture","24","amarillo","color",0.04,"Espanol","none",43,"No","2","both8","native","spaneng","mostlive","SpanSpan","yes","Female"
"2207","84","no est&aacute;","sof&aacute; ","furniture","25","podrido","age",0.05,"Espanol","none",43,"No","2","both8","native","spaneng","mostlive","SpanSpan","yes","Female"
"2208","84","no es","tomate","food","26","largo","size",0.03,"Espanol","none",43,"No","2","both8","native","spaneng","mostlive","SpanSpan","yes","Female"
"2209","84","es","manzana","food","27","viejo","age",0.02,"Espanol","none",43,"No","2","both8","native","spaneng","mostlive","SpanSpan","yes","Female"
"2210","84","es","manzana","food","28","peque&ntilde;o","size",0.05,"Espanol","none",43,"No","2","both8","native","spaneng","mostlive","SpanSpan","yes","Female"
"2601","102","no es","silla","furniture","3","verde","color",0,"Español","none",46,"Yes","4","both8","native","span","mostlive","SpanSpan","no","Male"
"2602","102","es","zanahoria","food","4","mexicano","nationality",0,"Español","none",46,"Yes","4","both8","native","span","mostlive","SpanSpan","no","Male"
"2603","102","no es","pl&aacute;tano","food","5","cuadrado","shape",0,"Español","none",46,"Yes","4","both8","native","span","mostlive","SpanSpan","no","Male"
"2604","102","no es","sof&aacute; ","furniture","6","enorme","size",0.01,"Español","none",46,"Yes","4","both8","native","span","mostlive","SpanSpan","no","Male"
"2605","102","es","manzana","food","7","azul","color",0,"Español","none",46,"Yes","4","both8","native","span","mostlive","SpanSpan","no","Male"
"2606","102","es","zanahoria","food","8","rojo","color",0,"Español","none",46,"Yes","4","both8","native","span","mostlive","SpanSpan","no","Male"
"2607","102","es","sof&aacute; ","furniture","9","peque&ntilde;o","size",0,"Español","none",46,"Yes","4","both8","native","span","mostlive","SpanSpan","no","Male"
"2608","102","es","escritorio","furniture","10","largo","size",0,"Español","none",46,"Yes","4","both8","native","span","mostlive","SpanSpan","no","Male"
"2609","102","es","tomate","food","11","suave","texture",0,"Español","none",46,"Yes","4","both8","native","span","mostlive","SpanSpan","no","Male"
"2610","102","no es","manzana","food","12","duro","texture",0,"Español","none",46,"Yes","4","both8","native","span","mostlive","SpanSpan","no","Male"
"2611","102","es","silla","furniture","13","americano","nationality",0,"Español","none",46,"Yes","4","both8","native","span","mostlive","SpanSpan","no","Male"
"2612","102","no es","televisi&oacute;n ","furniture","14","morado","color",0,"Español","none",46,"Yes","4","both8","native","span","mostlive","SpanSpan","no","Male"
"2613","102","es","zanahoria","food","15","amarillo","color",0,"Español","none",46,"Yes","4","both8","native","span","mostlive","SpanSpan","no","Male"
"2614","102","no es","escritorio","furniture","16","malo","quality",0,"Español","none",46,"Yes","4","both8","native","span","mostlive","SpanSpan","no","Male"
"2615","102","es","silla","furniture","17","corto","size",0,"Español","none",46,"Yes","4","both8","native","span","mostlive","SpanSpan","no","Male"
"2616","102","no es","ventilador","furniture","18","nuevo","age",0,"Español","none",46,"Yes","4","both8","native","span","mostlive","SpanSpan","no","Male"
"2617","102","no es","pl&aacute;tano","food","19","marr&oacute;n","color",0,"Español","none",46,"Yes","4","both8","native","span","mostlive","SpanSpan","no","Male"
"2618","102","no es","queso","food","20","espa&ntilde;ol","nationality",0,"Español","none",46,"Yes","4","both8","native","span","mostlive","SpanSpan","no","Male"
"2619","102","no es","televisi&oacute;n ","furniture","21","viejo","age",0,"Español","none",46,"Yes","4","both8","native","span","mostlive","SpanSpan","no","Male"
"2620","102","es","silla","furniture","22","bueno","quality",0,"Español","none",46,"Yes","4","both8","native","span","mostlive","SpanSpan","no","Male"
"2621","102","est&aacute;","zanahoria","food","23","podrido","age",0,"Español","none",46,"Yes","4","both8","native","span","mostlive","SpanSpan","no","Male"
"2622","102","no es","escritorio","furniture","24","fresco","age",0,"Español","none",46,"Yes","4","both8","native","span","mostlive","SpanSpan","no","Male"
"2623","102","es","tomate","food","25","redondo","shape",0,"Español","none",46,"Yes","4","both8","native","span","mostlive","SpanSpan","no","Male"
"2624","102","es","sof&aacute; ","furniture","26","grande","size",0,"Español","none",46,"Yes","4","both8","native","span","mostlive","SpanSpan","no","Male"
"2625","102","no es","zanahoria","food","27","min&uacute;sculo","size",0,"Español","none",46,"Yes","4","both8","native","span","mostlive","SpanSpan","no","Male"
"2626","102","es","silla","furniture","28","liso","texture",0,"Español","none",46,"Yes","4","both8","native","span","mostlive","SpanSpan","no","Male"
"2627","103","no es","sof&aacute; ","furniture","3","nuevo","age",0,"español","",30,"Yes","1","both8","native","span","mostlive","SpanSpan","","Male"
"2628","103","no es","escritorio","furniture","4","espa&ntilde;ol","nationality",0,"español","",30,"Yes","1","both8","native","span","mostlive","SpanSpan","","Male"
"2629","103","es","tomate","food","5","malo","quality",0,"español","",30,"Yes","1","both8","native","span","mostlive","SpanSpan","","Male"
"2630","103","es","tomate","food","6","bueno","quality",0,"español","",30,"Yes","1","both8","native","span","mostlive","SpanSpan","","Male"
"2631","103","no es","pl&aacute;tano","food","7","liso","texture",0,"español","",30,"Yes","1","both8","native","span","mostlive","SpanSpan","","Male"
"2632","103","no es","ventilador","furniture","8","largo","size",0,"español","",30,"Yes","1","both8","native","span","mostlive","SpanSpan","","Male"
"2633","103","no est&aacute;","sof&aacute; ","furniture","9","podrido","age",0.05,"español","",30,"Yes","1","both8","native","span","mostlive","SpanSpan","","Male"
"2634","103","no es","manzana","food","10","min&uacute;sculo","size",0.55,"español","",30,"Yes","1","both8","native","span","mostlive","SpanSpan","","Male"
"2635","103","es","manzana","food","11","redondo","shape",0.53,"español","",30,"Yes","1","both8","native","span","mostlive","SpanSpan","","Male"
"2636","103","no es","escritorio","furniture","12","americano","nationality",0.55,"español","",30,"Yes","1","both8","native","span","mostlive","SpanSpan","","Male"
"2637","103","no es","manzana","food","13","azul","color",0,"español","",30,"Yes","1","both8","native","span","mostlive","SpanSpan","","Male"
"2638","103","es","queso","food","14","viejo","age",0,"español","",30,"Yes","1","both8","native","span","mostlive","SpanSpan","","Male"
"2639","103","es","silla","furniture","15","peque&ntilde;o","size",0.55,"español","",30,"Yes","1","both8","native","span","mostlive","SpanSpan","","Male"
"2640","103","es","escritorio","furniture","16","fresco","age",0.55,"español","",30,"Yes","1","both8","native","span","mostlive","SpanSpan","","Male"
"2641","103","no es","escritorio","furniture","17","rojo","color",1,"español","",30,"Yes","1","both8","native","span","mostlive","SpanSpan","","Male"
"2642","103","es","televisi&oacute;n ","furniture","18","cuadrado","shape",0,"español","",30,"Yes","1","both8","native","span","mostlive","SpanSpan","","Male"
"2643","103","es","zanahoria","food","19","morado","color",0,"español","",30,"Yes","1","both8","native","span","mostlive","SpanSpan","","Male"
"2644","103","es","tomate","food","20","duro","texture",0,"español","",30,"Yes","1","both8","native","span","mostlive","SpanSpan","","Male"
"2645","103","no es","zanahoria","food","21","corto","size",0.55,"español","",30,"Yes","1","both8","native","span","mostlive","SpanSpan","","Male"
"2646","103","es","ventilador","furniture","22","suave","texture",0.55,"español","",30,"Yes","1","both8","native","span","mostlive","SpanSpan","","Male"
"2647","103","es","sof&aacute; ","furniture","23","mexicano","nationality",0,"español","",30,"Yes","1","both8","native","span","mostlive","SpanSpan","","Male"
"2648","103","no es","tomate","food","24","amarillo","color",0,"español","",30,"Yes","1","both8","native","span","mostlive","SpanSpan","","Male"
"2649","103","no es","televisi&oacute;n ","furniture","25","verde","color",0.56,"español","",30,"Yes","1","both8","native","span","mostlive","SpanSpan","","Male"
"2650","103","no es","ventilador","furniture","26","grande","size",0.58,"español","",30,"Yes","1","both8","native","span","mostlive","SpanSpan","","Male"
"2651","103","es","queso","food","27","enorme","size",0.57,"español","",30,"Yes","1","both8","native","span","mostlive","SpanSpan","","Male"
"2652","103","es","manzana","food","28","marr&oacute;n","color",0,"español","",30,"Yes","1","both8","native","span","mostlive","SpanSpan","","Male"
"2679","105","es","silla","furniture","3","peque&ntilde;o","size",0.99,"Español","none",37,"Yes","4","both8","native","span","mostlive","SpanSpan","no","Female"
"2680","105","no es","tomate","food","4","corto","size",0.06,"Español","none",37,"Yes","4","both8","native","span","mostlive","SpanSpan","no","Female"
"2681","105","no es","silla","furniture","5","malo","quality",0.97,"Español","none",37,"Yes","4","both8","native","span","mostlive","SpanSpan","no","Female"
"2682","105","no es","televisi&oacute;n ","furniture","6","espa&ntilde;ol","nationality",0.01,"Español","none",37,"Yes","4","both8","native","span","mostlive","SpanSpan","no","Female"
"2683","105","es","sof&aacute; ","furniture","7","nuevo","age",0.04,"Español","none",37,"Yes","4","both8","native","span","mostlive","SpanSpan","no","Female"
"2684","105","es","queso","food","8","rojo","color",0.03,"Español","none",37,"Yes","4","both8","native","span","mostlive","SpanSpan","no","Female"
"2685","105","es","zanahoria","food","9","amarillo","color",0.06,"Español","none",37,"Yes","4","both8","native","span","mostlive","SpanSpan","no","Female"
"2686","105","es","silla","furniture","10","marr&oacute;n","color",0.03,"Español","none",37,"Yes","4","both8","native","span","mostlive","SpanSpan","no","Female"
"2687","105","es","silla","furniture","11","suave","texture",0.99,"Español","none",37,"Yes","4","both8","native","span","mostlive","SpanSpan","no","Female"
"2688","105","es","sof&aacute; ","furniture","12","cuadrado","shape",0.03,"Español","none",37,"Yes","4","both8","native","span","mostlive","SpanSpan","no","Female"
"2689","105","es","silla","furniture","13","min&uacute;sculo","size",0.98,"Español","none",37,"Yes","4","both8","native","span","mostlive","SpanSpan","no","Female"
"2690","105","no es","silla","furniture","14","redondo","shape",0.02,"Español","none",37,"Yes","4","both8","native","span","mostlive","SpanSpan","no","Female"
"2691","105","no es","silla","furniture","15","grande","size",0.94,"Español","none",37,"Yes","4","both8","native","span","mostlive","SpanSpan","no","Female"
"2692","105","no es","ventilador","furniture","16","liso","texture",0.01,"Español","none",37,"Yes","4","both8","native","span","mostlive","SpanSpan","no","Female"
"2693","105","no es","tomate","food","17","mexicano","nationality",0.01,"Español","none",37,"Yes","4","both8","native","span","mostlive","SpanSpan","no","Female"
"2694","105","es","tomate","food","18","verde","color",0.03,"Español","none",37,"Yes","4","both8","native","span","mostlive","SpanSpan","no","Female"
"2695","105","no es","queso","food","19","enorme","size",0.96,"Español","none",37,"Yes","4","both8","native","span","mostlive","SpanSpan","no","Female"
"2696","105","no es","pl&aacute;tano","food","20","bueno","quality",0.97,"Español","none",37,"Yes","4","both8","native","span","mostlive","SpanSpan","no","Female"
"2697","105","es","televisi&oacute;n ","furniture","21","viejo","age",0.03,"Español","none",37,"Yes","4","both8","native","span","mostlive","SpanSpan","no","Female"
"2698","105","es","manzana","food","22","americano","nationality",0.03,"Español","none",37,"Yes","4","both8","native","span","mostlive","SpanSpan","no","Female"
"2699","105","no es","sof&aacute; ","furniture","23","largo","size",1,"Español","none",37,"Yes","4","both8","native","span","mostlive","SpanSpan","no","Female"
"2700","105","es","manzana","food","24","azul","color",0.01,"Español","none",37,"Yes","4","both8","native","span","mostlive","SpanSpan","no","Female"
"2701","105","no es","manzana","food","25","duro","texture",0.98,"Español","none",37,"Yes","4","both8","native","span","mostlive","SpanSpan","no","Female"
"2702","105","es","zanahoria","food","26","fresco","age",0.97,"Español","none",37,"Yes","4","both8","native","span","mostlive","SpanSpan","no","Female"
"2703","105","es","pl&aacute;tano","food","27","morado","color",0.04,"Español","none",37,"Yes","4","both8","native","span","mostlive","SpanSpan","no","Female"
"2704","105","no est&aacute;","sof&aacute; ","furniture","28","podrido","age",0.03,"Español","none",37,"Yes","4","both8","native","span","mostlive","SpanSpan","no","Female"
